<metadata xml:lang="es"><Esri><CreaDate>20151220</CreaDate><CreaTime>20514300</CreaTime><SyncOnce>FALSE</SyncOnce><SyncDate>20230919</SyncDate><SyncTime>06244400</SyncTime><ModDate>20230919</ModDate><ModTime>06244400</ModTime><DataProperties><lineage><Process ToolSource="C:\Program Files (x86)\ArcGIS\ArcToolbox\Toolboxes\Analysis Tools.tbx\Clip" Date="20150915" Time="082655">Clip ZONA_2_SEPTIMBRE_CA LIMITE D:\SIG\SHAPES\DIAGNOSTICO_LIMITES\ZONA_2_SEPTIMBRE_CA_Clip.shp #</Process><Process ToolSource="C:\Program Files (x86)\ArcGIS\ArcToolbox\Toolboxes\Data Management Tools.tbx\Merge" Date="20150915" Time="083554">Merge ZONA_2_SEPTIMBRE_CA_Clip;ZONA_1 D:\SIG\SHAPES\ZONAS_1_2_SEPTIEMBRE\ZONAS_1_2_SEPTIMBRE_CA.shp "ET_ID 'ET_ID' true true false 8 Long 0 8 ,First,#,ZONA_2_SEPTIMBRE_CA_Clip,ET_ID,-1,-1;OBJECTID 'OBJECTID' true true false 9 Long 0 9 ,First,#,ZONA_2_SEPTIMBRE_CA_Clip,OBJECTID,-1,-1,ZONA_1,OBJECTID,-1,-1;COD_G 'COD_G' true true false 50 Text 0 0 ,First,#,ZONA_2_SEPTIMBRE_CA_Clip,COD_G,-1,-1,ZONA_1,COD_G,-1,-1;GEOESTRUC 'GEOESTRUC' true true false 254 Text 0 0 ,First,#,ZONA_2_SEPTIMBRE_CA_Clip,GEOESTRUC,-1,-1,ZONA_1,GEOESTRUC,-1,-1;COD_AM 'COD_AM' true true false 50 Text 0 0 ,First,#,ZONA_2_SEPTIMBRE_CA_Clip,COD_AM,-1,-1,ZONA_1,COD_AM,-1,-1;AMB_MORFO 'AMB_MORFO' true true false 254 Text 0 0 ,First,#,ZONA_2_SEPTIMBRE_CA_Clip,AMB_MORFO,-1,-1,ZONA_1,AMB_MORFO,-1,-1;COD_P_G 'COD_P_G' true true false 50 Text 0 0 ,First,#,ZONA_2_SEPTIMBRE_CA_Clip,COD_P_G,-1,-1,ZONA_1,COD_P_G,-1,-1;PAISAJE_G 'PAISAJE_G' true true false 254 Text 0 0 ,First,#,ZONA_2_SEPTIMBRE_CA_Clip,PAISAJE_G,-1,-1,ZONA_1,PAISAJE_G,-1,-1;COD_SP_G 'COD_SP_G' true true false 50 Text 0 0 ,First,#,ZONA_2_SEPTIMBRE_CA_Clip,COD_SP_G,-1,-1,ZONA_1,COD_SP_G,-1,-1;SUBPAISA_G 'SUBPAISA_G' true true false 254 Text 0 0 ,First,#,ZONA_2_SEPTIMBRE_CA_Clip,SUBPAISA_G,-1,-1,ZONA_1,SUBPAISA_G,-1,-1;AM_MOR_CLI 'AM_MOR_CLI' true true false 254 Text 0 0 ,First,#,ZONA_2_SEPTIMBRE_CA_Clip,AM_MOR_CLI,-1,-1,ZONA_1,AM_MOR_CLI,-1,-1;GEOLOGIA 'GEOLOGIA' true true false 254 Text 0 0 ,First,#,ZONA_2_SEPTIMBRE_CA_Clip,GEOLOGIA,-1,-1,ZONA_1,GEOLOGIA,-1,-1;LITOLOGIA 'LITOLOGIA' true true false 254 Text 0 0 ,First,#,ZONA_2_SEPTIMBRE_CA_Clip,LITOLOGIA,-1,-1,ZONA_1,LITOLOGIA,-1,-1;PENDIENTE 'PENDIENTE' true true false 50 Text 0 0 ,First,#,ZONA_2_SEPTIMBRE_CA_Clip,PENDIENTE,-1,-1,ZONA_1,PENDIENTE,-1,-1;DESN_RELAT 'DESN_RELAT' true true false 50 Text 0 0 ,First,#,ZONA_2_SEPTIMBRE_CA_Clip,DESN_RELAT,-1,-1,ZONA_1,DESN_RELAT,-1,-1;SUELOS 'SUELOS' true true false 254 Text 0 0 ,First,#,ZONA_2_SEPTIMBRE_CA_Clip,SUELOS,-1,-1,ZONA_1,SUELOS,-1,-1;CUT 'CUT' true true false 50 Text 0 0 ,First,#,ZONA_2_SEPTIMBRE_CA_Clip,CUT,-1,-1,ZONA_1,CUT,-1,-1;CODIGO_I 'CODIGO_I' true true false 50 Text 0 0 ,First,#,ZONA_2_SEPTIMBRE_CA_Clip,CODIGO_I,-1,-1,ZONA_1,CODIGO_I,-1,-1;NIVEL_I 'NIVEL_I' true true false 254 Text 0 0 ,First,#,ZONA_2_SEPTIMBRE_CA_Clip,NIVEL_I,-1,-1,ZONA_1,NIVEL_I,-1,-1;CODIGO_II 'CODIGO_II' true true false 50 Text 0 0 ,First,#,ZONA_2_SEPTIMBRE_CA_Clip,CODIGO_II,-1,-1,ZONA_1,CODIGO_II,-1,-1;NIVEL_II 'NIVEL_II' true true false 254 Text 0 0 ,First,#,ZONA_2_SEPTIMBRE_CA_Clip,NIVEL_II,-1,-1,ZONA_1,NIVEL_II,-1,-1;CODIGO_III 'CODIGO_III' true true false 50 Text 0 0 ,First,#,ZONA_2_SEPTIMBRE_CA_Clip,CODIGO_III,-1,-1,ZONA_1,CODIGO_III,-1,-1;NIVEL_III 'NIVEL_III' true true false 254 Text 0 0 ,First,#,ZONA_2_SEPTIMBRE_CA_Clip,NIVEL_III,-1,-1,ZONA_1,NIVEL_III,-1,-1;CODIGO_IV 'CODIGO_IV' true true false 50 Text 0 0 ,First,#,ZONA_2_SEPTIMBRE_CA_Clip,CODIGO_IV,-1,-1,ZONA_1,CODIGO_IV,-1,-1;NIVEL_IV 'NIVEL_IV' true true false 254 Text 0 0 ,First,#,ZONA_2_SEPTIMBRE_CA_Clip,NIVEL_IV,-1,-1,ZONA_1,NIVEL_IV,-1,-1;COD_EC 'COD_EC' true true false 50 Text 0 0 ,First,#,ZONA_2_SEPTIMBRE_CA_Clip,COD_EC,-1,-1,ZONA_1,COD_EC,-1,-1;ECOREGION 'ECOREGION' true true false 254 Text 0 0 ,First,#,ZONA_2_SEPTIMBRE_CA_Clip,ECOREGION,-1,-1,ZONA_1,ECOREGION,-1,-1;COD_GP 'COD_GP' true true false 50 Text 0 0 ,First,#,ZONA_2_SEPTIMBRE_CA_Clip,COD_GP,-1,-1,ZONA_1,COD_GP,-1,-1;GRAN_P 'GRAN_P' true true false 254 Text 0 0 ,First,#,ZONA_2_SEPTIMBRE_CA_Clip,GRAN_P,-1,-1,ZONA_1,GRAN_P,-1,-1;COD_P 'COD_P' true true false 50 Text 0 0 ,First,#,ZONA_2_SEPTIMBRE_CA_Clip,COD_P,-1,-1,ZONA_1,COD_P,-1,-1;PAISAJE 'PAISAJE' true true false 254 Text 0 0 ,First,#,ZONA_2_SEPTIMBRE_CA_Clip,PAISAJE,-1,-1,ZONA_1,PAISAJE,-1,-1;COD_SP 'COD_SP' true true false 50 Text 0 0 ,First,#,ZONA_2_SEPTIMBRE_CA_Clip,COD_SP,-1,-1,ZONA_1,COD_SP,-1,-1;SUBPAISAJE 'SUBPAISAJE' true true false 254 Text 0 0 ,First,#,ZONA_2_SEPTIMBRE_CA_Clip,SUBPAISAJE,-1,-1,ZONA_1,SUBPAISAJE,-1,-1;ZONACOD 'ZONACOD' true true false 50 Text 0 0 ,First,#,ZONA_2_SEPTIMBRE_CA_Clip,ZONACOD,-1,-1;area 'area' true true false 15 Double 4 14 ,First,#,ZONA_2_SEPTIMBRE_CA_Clip,area,-1,-1,ZONA_1,area,-1,-1;COD_ECOREG 'COD_ECOREG' true true false 50 Text 0 0 ,First,#,ZONA_1,COD_ECOREG,-1,-1"</Process><Process ToolSource="c:\program files (x86)\arcgis\desktop10.2\ArcToolbox\Toolboxes\Data Management Tools.tbx\CalculateField" Date="20151006" Time="132631">CalculateField ZONAS_1_2 P_PEN "0.5" VB #</Process><Process ToolSource="c:\program files (x86)\arcgis\desktop10.2\ArcToolbox\Toolboxes\Data Management Tools.tbx\CalculateField" Date="20151006" Time="132657">CalculateField ZONAS_1_2 P_PEN "0.5" VB #</Process><Process ToolSource="c:\program files (x86)\arcgis\desktop10.2\ArcToolbox\Toolboxes\Data Management Tools.tbx\CalculateField" Date="20151006" Time="132716">CalculateField ZONAS_1_2 P_PEN "0.5" VB #</Process><Process ToolSource="c:\program files (x86)\arcgis\desktop10.2\ArcToolbox\Toolboxes\Data Management Tools.tbx\CalculateField" Date="20151006" Time="132958">CalculateField ZONAS_1_2 P_PEN "0.5" VB #</Process><Process ToolSource="c:\program files (x86)\arcgis\desktop10.2\ArcToolbox\Toolboxes\Data Management Tools.tbx\CalculateField" Date="20151006" Time="133400">CalculateField ZONAS_1_2 P_PEN "0.5" VB #</Process><Process ToolSource="c:\program files (x86)\arcgis\desktop10.2\ArcToolbox\Toolboxes\Data Management Tools.tbx\CalculateField" Date="20151006" Time="133525">CalculateField ZONAS_1_2 P_PEN "0.5" VB #</Process><Process ToolSource="c:\program files (x86)\arcgis\desktop10.2\ArcToolbox\Toolboxes\Data Management Tools.tbx\CalculateField" Date="20151006" Time="133544">CalculateField ZONAS_1_2 P_PEN 0.3 VB #</Process><Process ToolSource="c:\program files (x86)\arcgis\desktop10.2\ArcToolbox\Toolboxes\Data Management Tools.tbx\CalculateField" Date="20151006" Time="133642">CalculateField ZONAS_1_2 P_PEN 0.5 VB #</Process><Process ToolSource="c:\program files (x86)\arcgis\desktop10.2\ArcToolbox\Toolboxes\Data Management Tools.tbx\CalculateField" Date="20151006" Time="133733">CalculateField ZONAS_1_2 P_PEN 1 VB #</Process><Process ToolSource="c:\program files (x86)\arcgis\desktop10.2\ArcToolbox\Toolboxes\Data Management Tools.tbx\CalculateField" Date="20151006" Time="133756">CalculateField ZONAS_1_2 P_PEN 1.5 VB #</Process><Process ToolSource="c:\program files (x86)\arcgis\desktop10.2\ArcToolbox\Toolboxes\Data Management Tools.tbx\CalculateField" Date="20151006" Time="133817">CalculateField ZONAS_1_2 P_PEN 2 VB #</Process><Process ToolSource="c:\program files (x86)\arcgis\desktop10.2\ArcToolbox\Toolboxes\Data Management Tools.tbx\CalculateField" Date="20151006" Time="140737">CalculateField ZONAS_1_2 P_SUB 2 VB #</Process><Process ToolSource="c:\program files (x86)\arcgis\desktop10.2\ArcToolbox\Toolboxes\Data Management Tools.tbx\CalculateField" Date="20151006" Time="143423">CalculateField ZONAS_1_2 P_SUB 2 VB #</Process><Process ToolSource="c:\program files (x86)\arcgis\desktop10.2\ArcToolbox\Toolboxes\Data Management Tools.tbx\CalculateField" Date="20151006" Time="150003">CalculateField ZONAS_1_2 P_SUB 1.5 VB #</Process><Process ToolSource="c:\program files (x86)\arcgis\desktop10.2\ArcToolbox\Toolboxes\Data Management Tools.tbx\CalculateField" Date="20151006" Time="151711">CalculateField ZONAS_1_2 P_SUB 1 VB #</Process><Process ToolSource="c:\program files (x86)\arcgis\desktop10.2\ArcToolbox\Toolboxes\Data Management Tools.tbx\CalculateField" Date="20151006" Time="152234">CalculateField ZONAS_1_2 P_SUB 0.5 VB #</Process><Process ToolSource="c:\program files (x86)\arcgis\desktop10.2\ArcToolbox\Toolboxes\Data Management Tools.tbx\CalculateField" Date="20151006" Time="155435">CalculateField ZONAS_1_2 P_SUB 0.5 VB #</Process><Process ToolSource="c:\program files (x86)\arcgis\desktop10.2\ArcToolbox\Toolboxes\Data Management Tools.tbx\CalculateField" Date="20151006" Time="160242">CalculateField ZONAS_1_2 P_SUB 1 VB #</Process><Process ToolSource="c:\program files (x86)\arcgis\desktop10.2\ArcToolbox\Toolboxes\Data Management Tools.tbx\CalculateField" Date="20151007" Time="075258">CalculateField ZONAS_1_2 P_SUB 1 VB #</Process><Process ToolSource="c:\program files (x86)\arcgis\desktop10.2\ArcToolbox\Toolboxes\Data Management Tools.tbx\CalculateField" Date="20151007" Time="080810">CalculateField ZONAS_1_2 P_SUB 1.5 VB #</Process><Process ToolSource="c:\program files (x86)\arcgis\desktop10.2\ArcToolbox\Toolboxes\Data Management Tools.tbx\CalculateField" Date="20151007" Time="082234">CalculateField ZONAS_1_2 P_SUB 2 VB #</Process><Process ToolSource="c:\program files (x86)\arcgis\desktop10.2\ArcToolbox\Toolboxes\Data Management Tools.tbx\CalculateField" Date="20151007" Time="082857">CalculateField ZONAS_1_2 P_SUB 2 VB #</Process><Process ToolSource="c:\program files (x86)\arcgis\desktop10.2\ArcToolbox\Toolboxes\Data Management Tools.tbx\CalculateField" Date="20151007" Time="083347">CalculateField ZONAS_1_2 P_SUB 2 VB #</Process><Process ToolSource="c:\program files (x86)\arcgis\desktop10.2\ArcToolbox\Toolboxes\Data Management Tools.tbx\CalculateField" Date="20151007" Time="083446">CalculateField ZONAS_1_2 P_SUB 2 VB #</Process><Process ToolSource="c:\program files (x86)\arcgis\desktop10.2\ArcToolbox\Toolboxes\Data Management Tools.tbx\CalculateField" Date="20151007" Time="083758">CalculateField ZONAS_1_2 P_SUB 1.5 VB #</Process><Process ToolSource="c:\program files (x86)\arcgis\desktop10.2\ArcToolbox\Toolboxes\Data Management Tools.tbx\CalculateField" Date="20151007" Time="083831">CalculateField ZONAS_1_2 P_SUB 1 VB #</Process><Process ToolSource="c:\program files (x86)\arcgis\desktop10.2\ArcToolbox\Toolboxes\Data Management Tools.tbx\CalculateField" Date="20151007" Time="083854">CalculateField ZONAS_1_2 P_SUB 2 VB #</Process><Process ToolSource="c:\program files (x86)\arcgis\desktop10.2\ArcToolbox\Toolboxes\Data Management Tools.tbx\CalculateField" Date="20151007" Time="083921">CalculateField ZONAS_1_2 P_SUB 2 VB #</Process><Process ToolSource="c:\program files (x86)\arcgis\desktop10.2\ArcToolbox\Toolboxes\Data Management Tools.tbx\CalculateField" Date="20151007" Time="084006">CalculateField ZONAS_1_2 P_SUB 1.5
 VB #</Process><Process ToolSource="c:\program files (x86)\arcgis\desktop10.2\ArcToolbox\Toolboxes\Data Management Tools.tbx\CalculateField" Date="20151007" Time="084106">CalculateField ZONAS_1_2 P_SUB 2 VB #</Process><Process ToolSource="c:\program files (x86)\arcgis\desktop10.2\ArcToolbox\Toolboxes\Data Management Tools.tbx\CalculateField" Date="20151007" Time="084120">CalculateField ZONAS_1_2 P_SUB 2 VB #</Process><Process ToolSource="c:\program files (x86)\arcgis\desktop10.2\ArcToolbox\Toolboxes\Data Management Tools.tbx\CalculateField" Date="20151007" Time="084149">CalculateField ZONAS_1_2 P_SUB 2 VB #</Process><Process ToolSource="c:\program files (x86)\arcgis\desktop10.2\ArcToolbox\Toolboxes\Data Management Tools.tbx\CalculateField" Date="20151007" Time="084234">CalculateField ZONAS_1_2 P_SUB 2 VB #</Process><Process ToolSource="c:\program files (x86)\arcgis\desktop10.2\ArcToolbox\Toolboxes\Data Management Tools.tbx\CalculateField" Date="20151007" Time="084258">CalculateField ZONAS_1_2 P_SUB 1.5 VB #</Process><Process ToolSource="c:\program files (x86)\arcgis\desktop10.2\ArcToolbox\Toolboxes\Data Management Tools.tbx\CalculateField" Date="20151007" Time="084314">CalculateField ZONAS_1_2 P_SUB 2 VB #</Process><Process ToolSource="c:\program files (x86)\arcgis\desktop10.2\ArcToolbox\Toolboxes\Data Management Tools.tbx\CalculateField" Date="20151007" Time="084502">CalculateField ZONAS_1_2 P_SUB 2 VB #</Process><Process ToolSource="c:\program files (x86)\arcgis\desktop10.2\ArcToolbox\Toolboxes\Data Management Tools.tbx\CalculateField" Date="20151007" Time="084602">CalculateField ZONAS_1_2 P_SUB 2 VB #</Process><Process ToolSource="c:\program files (x86)\arcgis\desktop10.2\ArcToolbox\Toolboxes\Data Management Tools.tbx\CalculateField" Date="20151007" Time="084623">CalculateField ZONAS_1_2 P_SUB 2 VB #</Process><Process ToolSource="c:\program files (x86)\arcgis\desktop10.2\ArcToolbox\Toolboxes\Data Management Tools.tbx\CalculateField" Date="20151007" Time="090414">CalculateField ZONAS_1_2 P_LIT 0.5
 VB #</Process><Process ToolSource="c:\program files (x86)\arcgis\desktop10.2\ArcToolbox\Toolboxes\Data Management Tools.tbx\CalculateField" Date="20151007" Time="090814">CalculateField ZONAS_1_2 P_LIT 0.5
 VB #</Process><Process ToolSource="c:\program files (x86)\arcgis\desktop10.2\ArcToolbox\Toolboxes\Data Management Tools.tbx\CalculateField" Date="20151007" Time="090944">CalculateField ZONAS_1_2 P_LIT 0.5
 VB #</Process><Process ToolSource="c:\program files (x86)\arcgis\desktop10.2\ArcToolbox\Toolboxes\Data Management Tools.tbx\CalculateField" Date="20151007" Time="092026">CalculateField ZONAS_1_2 P_LIT 1
 VB #</Process><Process ToolSource="c:\program files (x86)\arcgis\desktop10.2\ArcToolbox\Toolboxes\Data Management Tools.tbx\CalculateField" Date="20151007" Time="092839">CalculateField ZONAS_1_2 P_LIT 1.5
 VB #</Process><Process ToolSource="c:\program files (x86)\arcgis\desktop10.2\ArcToolbox\Toolboxes\Data Management Tools.tbx\CalculateField" Date="20151007" Time="092919">CalculateField ZONAS_1_2 P_LIT 0 VB #</Process><Process ToolSource="c:\program files (x86)\arcgis\desktop10.2\ArcToolbox\Toolboxes\Data Management Tools.tbx\CalculateField" Date="20151007" Time="093035">CalculateField ZONAS_1_2 P_LIT 1.5 VB #</Process><Process ToolSource="c:\program files (x86)\arcgis\desktop10.2\ArcToolbox\Toolboxes\Data Management Tools.tbx\CalculateField" Date="20151007" Time="093206">CalculateField ZONAS_1_2 P_LIT 1 VB #</Process><Process ToolSource="c:\program files (x86)\arcgis\desktop10.2\ArcToolbox\Toolboxes\Data Management Tools.tbx\CalculateField" Date="20151007" Time="093237">CalculateField ZONAS_1_2 P_LIT 0.5 VB #</Process><Process ToolSource="c:\program files (x86)\arcgis\desktop10.2\ArcToolbox\Toolboxes\Data Management Tools.tbx\CalculateField" Date="20151007" Time="093915">CalculateField ZONAS_1_2 P_LIT 0.5 VB #</Process><Process ToolSource="c:\program files (x86)\arcgis\desktop10.2\ArcToolbox\Toolboxes\Data Management Tools.tbx\CalculateField" Date="20151007" Time="093937">CalculateField ZONAS_1_2 P_LIT 0.5 VB #</Process><Process ToolSource="c:\program files (x86)\arcgis\desktop10.2\ArcToolbox\Toolboxes\Data Management Tools.tbx\CalculateField" Date="20151007" Time="094042">CalculateField ZONAS_1_2 P_LIT 1 VB #</Process><Process ToolSource="c:\program files (x86)\arcgis\desktop10.2\ArcToolbox\Toolboxes\Data Management Tools.tbx\CalculateField" Date="20151007" Time="094152">CalculateField ZONAS_1_2 P_LIT 1 VB #</Process><Process ToolSource="c:\program files (x86)\arcgis\desktop10.2\ArcToolbox\Toolboxes\Data Management Tools.tbx\CalculateField" Date="20151007" Time="094224">CalculateField ZONAS_1_2 P_LIT 1 VB #</Process><Process ToolSource="c:\program files (x86)\arcgis\desktop10.2\ArcToolbox\Toolboxes\Data Management Tools.tbx\CalculateField" Date="20151007" Time="094254">CalculateField ZONAS_1_2 P_LIT 0.5 VB #</Process><Process ToolSource="c:\program files (x86)\arcgis\desktop10.2\ArcToolbox\Toolboxes\Data Management Tools.tbx\CalculateField" Date="20151007" Time="094404">CalculateField ZONAS_1_2 P_LIT 1 VB #</Process><Process ToolSource="c:\program files (x86)\arcgis\desktop10.2\ArcToolbox\Toolboxes\Data Management Tools.tbx\CalculateField" Date="20151007" Time="094426">CalculateField ZONAS_1_2 P_LIT 0.5 VB #</Process><Process ToolSource="c:\program files (x86)\arcgis\desktop10.2\ArcToolbox\Toolboxes\Data Management Tools.tbx\CalculateField" Date="20151007" Time="094604">CalculateField ZONAS_1_2 P_LIT 1 VB #</Process><Process ToolSource="c:\program files (x86)\arcgis\desktop10.2\ArcToolbox\Toolboxes\Data Management Tools.tbx\CalculateField" Date="20151007" Time="094616">CalculateField ZONAS_1_2 P_LIT 2 VB #</Process><Process ToolSource="c:\program files (x86)\arcgis\desktop10.2\ArcToolbox\Toolboxes\Data Management Tools.tbx\CalculateField" Date="20151007" Time="094642">CalculateField ZONAS_1_2 P_LIT 1.5 VB #</Process><Process ToolSource="c:\program files (x86)\arcgis\desktop10.2\ArcToolbox\Toolboxes\Data Management Tools.tbx\CalculateField" Date="20151007" Time="094705">CalculateField ZONAS_1_2 P_LIT 1.5 VB #</Process><Process ToolSource="c:\program files (x86)\arcgis\desktop10.2\ArcToolbox\Toolboxes\Data Management Tools.tbx\CalculateField" Date="20151007" Time="094735">CalculateField ZONAS_1_2 P_LIT 1
 VB #</Process><Process ToolSource="c:\program files (x86)\arcgis\desktop10.2\ArcToolbox\Toolboxes\Data Management Tools.tbx\CalculateField" Date="20151007" Time="094757">CalculateField ZONAS_1_2 P_LIT 0.5
 VB #</Process><Process ToolSource="c:\program files (x86)\arcgis\desktop10.2\ArcToolbox\Toolboxes\Data Management Tools.tbx\CalculateField" Date="20151007" Time="094825">CalculateField ZONAS_1_2 P_LIT 1 VB #</Process><Process ToolSource="c:\program files (x86)\arcgis\desktop10.2\ArcToolbox\Toolboxes\Data Management Tools.tbx\CalculateField" Date="20151007" Time="094924">CalculateField ZONAS_1_2 P_LIT 1.5 VB #</Process><Process ToolSource="c:\program files (x86)\arcgis\desktop10.2\ArcToolbox\Toolboxes\Data Management Tools.tbx\CalculateField" Date="20151007" Time="095034">CalculateField ZONAS_1_2 P_LIT 1.5 VB #</Process><Process ToolSource="c:\program files (x86)\arcgis\desktop10.2\ArcToolbox\Toolboxes\Data Management Tools.tbx\CalculateField" Date="20151007" Time="095121">CalculateField ZONAS_1_2 P_LIT 1 VB #</Process><Process ToolSource="c:\program files (x86)\arcgis\desktop10.2\ArcToolbox\Toolboxes\Data Management Tools.tbx\CalculateField" Date="20151007" Time="095209">CalculateField ZONAS_1_2 P_LIT 2 VB #</Process><Process ToolSource="c:\program files (x86)\arcgis\desktop10.2\ArcToolbox\Toolboxes\Data Management Tools.tbx\CalculateField" Date="20151007" Time="100727">CalculateField ZONAS_1_2 P_LIT 1 VB #</Process><Process ToolSource="c:\program files (x86)\arcgis\desktop10.2\ArcToolbox\Toolboxes\Data Management Tools.tbx\CalculateField" Date="20151007" Time="100823">CalculateField ZONAS_1_2 P_LIT 2 VB #</Process><Process ToolSource="c:\program files (x86)\arcgis\desktop10.2\ArcToolbox\Toolboxes\Data Management Tools.tbx\CalculateField" Date="20151007" Time="100859">CalculateField ZONAS_1_2 P_LIT 1.5 VB #</Process><Process ToolSource="c:\program files (x86)\arcgis\desktop10.2\ArcToolbox\Toolboxes\Data Management Tools.tbx\CalculateField" Date="20151007" Time="100935">CalculateField ZONAS_1_2 P_LIT 1.5 VB #</Process><Process ToolSource="c:\program files (x86)\arcgis\desktop10.2\ArcToolbox\Toolboxes\Data Management Tools.tbx\CalculateField" Date="20151007" Time="101038">CalculateField ZONAS_1_2 P_LIT 1.5 VB #</Process><Process ToolSource="c:\program files (x86)\arcgis\desktop10.2\ArcToolbox\Toolboxes\Data Management Tools.tbx\CalculateField" Date="20151007" Time="101124">CalculateField ZONAS_1_2 P_LIT 2 VB #</Process><Process ToolSource="c:\program files (x86)\arcgis\desktop10.2\ArcToolbox\Toolboxes\Data Management Tools.tbx\CalculateField" Date="20151007" Time="101256">CalculateField ZONAS_1_2 P_LIT 1.5 VB #</Process><Process ToolSource="c:\program files (x86)\arcgis\desktop10.2\ArcToolbox\Toolboxes\Data Management Tools.tbx\CalculateField" Date="20151007" Time="101348">CalculateField ZONAS_1_2 P_LIT 1 VB #</Process><Process ToolSource="c:\program files (x86)\arcgis\desktop10.2\ArcToolbox\Toolboxes\Data Management Tools.tbx\CalculateField" Date="20151007" Time="101400">CalculateField ZONAS_1_2 P_LIT 1.5 VB #</Process><Process ToolSource="c:\program files (x86)\arcgis\desktop10.2\ArcToolbox\Toolboxes\Data Management Tools.tbx\CalculateField" Date="20151007" Time="101432">CalculateField ZONAS_1_2 P_LIT 1 VB #</Process><Process ToolSource="c:\program files (x86)\arcgis\desktop10.2\ArcToolbox\Toolboxes\Data Management Tools.tbx\CalculateField" Date="20151007" Time="101454">CalculateField ZONAS_1_2 P_LIT 1 VB #</Process><Process ToolSource="c:\program files (x86)\arcgis\desktop10.2\ArcToolbox\Toolboxes\Data Management Tools.tbx\CalculateField" Date="20151007" Time="101519">CalculateField ZONAS_1_2 P_LIT 1 VB #</Process><Process ToolSource="c:\program files (x86)\arcgis\desktop10.2\ArcToolbox\Toolboxes\Data Management Tools.tbx\CalculateField" Date="20151007" Time="101538">CalculateField ZONAS_1_2 P_LIT 1.5 VB #</Process><Process ToolSource="c:\program files (x86)\arcgis\desktop10.2\ArcToolbox\Toolboxes\Data Management Tools.tbx\CalculateField" Date="20151007" Time="101600">CalculateField ZONAS_1_2 P_LIT 1.5 VB #</Process><Process ToolSource="c:\program files (x86)\arcgis\desktop10.2\ArcToolbox\Toolboxes\Data Management Tools.tbx\CalculateField" Date="20151007" Time="101722">CalculateField ZONAS_1_2 P_LIT 1.5 VB #</Process><Process ToolSource="c:\program files (x86)\arcgis\desktop10.2\ArcToolbox\Toolboxes\Data Management Tools.tbx\CalculateField" Date="20151007" Time="101811">CalculateField ZONAS_1_2 P_LIT 2 VB #</Process><Process ToolSource="c:\program files (x86)\arcgis\desktop10.2\ArcToolbox\Toolboxes\Data Management Tools.tbx\CalculateField" Date="20151007" Time="101832">CalculateField ZONAS_1_2 P_LIT 1.5 VB #</Process><Process ToolSource="c:\program files (x86)\arcgis\desktop10.2\ArcToolbox\Toolboxes\Data Management Tools.tbx\CalculateField" Date="20151007" Time="101856">CalculateField ZONAS_1_2 P_LIT 1.5 VB #</Process><Process ToolSource="c:\program files (x86)\arcgis\desktop10.2\ArcToolbox\Toolboxes\Data Management Tools.tbx\CalculateField" Date="20151007" Time="101926">CalculateField ZONAS_1_2 P_LIT 1 VB #</Process><Process ToolSource="c:\program files (x86)\arcgis\desktop10.2\ArcToolbox\Toolboxes\Data Management Tools.tbx\CalculateField" Date="20151007" Time="101958">CalculateField ZONAS_1_2 P_LIT 2 VB #</Process><Process ToolSource="c:\program files (x86)\arcgis\desktop10.2\ArcToolbox\Toolboxes\Data Management Tools.tbx\CalculateField" Date="20151007" Time="102014">CalculateField ZONAS_1_2 P_LIT 1.5 VB #</Process><Process ToolSource="c:\program files (x86)\arcgis\desktop10.2\ArcToolbox\Toolboxes\Data Management Tools.tbx\CalculateField" Date="20151007" Time="102052">CalculateField ZONAS_1_2 P_LIT 1 VB #</Process><Process ToolSource="c:\program files (x86)\arcgis\desktop10.2\ArcToolbox\Toolboxes\Data Management Tools.tbx\CalculateField" Date="20151007" Time="102121">CalculateField ZONAS_1_2 P_LIT 2 VB #</Process><Process ToolSource="c:\program files (x86)\arcgis\desktop10.2\ArcToolbox\Toolboxes\Data Management Tools.tbx\CalculateField" Date="20151007" Time="102149">CalculateField ZONAS_1_2 P_LIT 1 VB #</Process><Process ToolSource="c:\program files (x86)\arcgis\desktop10.2\ArcToolbox\Toolboxes\Data Management Tools.tbx\CalculateField" Date="20151007" Time="102208">CalculateField ZONAS_1_2 P_LIT 2 VB #</Process><Process ToolSource="c:\program files (x86)\arcgis\desktop10.2\ArcToolbox\Toolboxes\Data Management Tools.tbx\CalculateField" Date="20151007" Time="102338">CalculateField ZONAS_1_2 P_LIT 1.5 VB #</Process><Process ToolSource="c:\program files (x86)\arcgis\desktop10.2\ArcToolbox\Toolboxes\Data Management Tools.tbx\CalculateField" Date="20151007" Time="102401">CalculateField ZONAS_1_2 P_LIT 1 VB #</Process><Process ToolSource="c:\program files (x86)\arcgis\desktop10.2\ArcToolbox\Toolboxes\Data Management Tools.tbx\CalculateField" Date="20151007" Time="102505">CalculateField ZONAS_1_2 P_LIT 1 VB #</Process><Process ToolSource="c:\program files (x86)\arcgis\desktop10.2\ArcToolbox\Toolboxes\Data Management Tools.tbx\CalculateField" Date="20151007" Time="102521">CalculateField ZONAS_1_2 P_LIT 1.5 VB #</Process><Process ToolSource="c:\program files (x86)\arcgis\desktop10.2\ArcToolbox\Toolboxes\Data Management Tools.tbx\CalculateField" Date="20151007" Time="102556">CalculateField ZONAS_1_2 P_LIT 1.5 VB #</Process><Process ToolSource="c:\program files (x86)\arcgis\desktop10.2\ArcToolbox\Toolboxes\Data Management Tools.tbx\CalculateField" Date="20151007" Time="102652">CalculateField ZONAS_1_2 P_LIT 1 VB #</Process><Process ToolSource="c:\program files (x86)\arcgis\desktop10.2\ArcToolbox\Toolboxes\Data Management Tools.tbx\CalculateField" Date="20151007" Time="102833">CalculateField ZONAS_1_2 P_LIT 1 VB #</Process><Process ToolSource="c:\program files (x86)\arcgis\desktop10.2\ArcToolbox\Toolboxes\Data Management Tools.tbx\CalculateField" Date="20151007" Time="102857">CalculateField ZONAS_1_2 P_LIT 1 VB #</Process><Process ToolSource="c:\program files (x86)\arcgis\desktop10.2\ArcToolbox\Toolboxes\Data Management Tools.tbx\CalculateField" Date="20151007" Time="103024">CalculateField ZONAS_1_2 P_LIT 1 VB #</Process><Process ToolSource="c:\program files (x86)\arcgis\desktop10.2\ArcToolbox\Toolboxes\Data Management Tools.tbx\CalculateField" Date="20151007" Time="103139">CalculateField ZONAS_1_2 P_LIT 1 VB #</Process><Process ToolSource="c:\program files (x86)\arcgis\desktop10.2\ArcToolbox\Toolboxes\Data Management Tools.tbx\CalculateField" Date="20151007" Time="103304">CalculateField ZONAS_1_2 P_LIT 1.5 VB #</Process><Process ToolSource="c:\program files (x86)\arcgis\desktop10.2\ArcToolbox\Toolboxes\Data Management Tools.tbx\CalculateField" Date="20151007" Time="103328">CalculateField ZONAS_1_2 P_LIT 1.5 VB #</Process><Process ToolSource="c:\program files (x86)\arcgis\desktop10.2\ArcToolbox\Toolboxes\Data Management Tools.tbx\CalculateField" Date="20151007" Time="103427">CalculateField ZONAS_1_2 P_LIT 1.5 VB #</Process><Process ToolSource="c:\program files (x86)\arcgis\desktop10.2\ArcToolbox\Toolboxes\Data Management Tools.tbx\CalculateField" Date="20151007" Time="103441">CalculateField ZONAS_1_2 P_LIT 1 VB #</Process><Process ToolSource="c:\program files (x86)\arcgis\desktop10.2\ArcToolbox\Toolboxes\Data Management Tools.tbx\CalculateField" Date="20151007" Time="103533">CalculateField ZONAS_1_2 P_LIT 2 VB #</Process><Process ToolSource="c:\program files (x86)\arcgis\desktop10.2\ArcToolbox\Toolboxes\Data Management Tools.tbx\CalculateField" Date="20151007" Time="103556">CalculateField ZONAS_1_2 P_LIT 1.5 VB #</Process><Process ToolSource="c:\program files (x86)\arcgis\desktop10.2\ArcToolbox\Toolboxes\Data Management Tools.tbx\CalculateField" Date="20151007" Time="103649">CalculateField ZONAS_1_2 P_LIT 1 VB #</Process><Process ToolSource="c:\program files (x86)\arcgis\desktop10.2\ArcToolbox\Toolboxes\Data Management Tools.tbx\CalculateField" Date="20151007" Time="103703">CalculateField ZONAS_1_2 P_LIT 1 VB #</Process><Process ToolSource="c:\program files (x86)\arcgis\desktop10.2\ArcToolbox\Toolboxes\Data Management Tools.tbx\CalculateField" Date="20151007" Time="103710">CalculateField ZONAS_1_2 P_LIT 1.5 VB #</Process><Process ToolSource="c:\program files (x86)\arcgis\desktop10.2\ArcToolbox\Toolboxes\Data Management Tools.tbx\CalculateField" Date="20151007" Time="103734">CalculateField ZONAS_1_2 P_LIT 1 VB #</Process><Process ToolSource="c:\program files (x86)\arcgis\desktop10.2\ArcToolbox\Toolboxes\Data Management Tools.tbx\CalculateField" Date="20151007" Time="103807">CalculateField ZONAS_1_2 P_LIT 1.5 VB #</Process><Process ToolSource="c:\program files (x86)\arcgis\desktop10.2\ArcToolbox\Toolboxes\Data Management Tools.tbx\CalculateField" Date="20151007" Time="103825">CalculateField ZONAS_1_2 P_LIT 1.5 VB #</Process><Process ToolSource="c:\program files (x86)\arcgis\desktop10.2\ArcToolbox\Toolboxes\Data Management Tools.tbx\CalculateField" Date="20151007" Time="103902">CalculateField ZONAS_1_2 P_LIT 1.5 VB #</Process><Process ToolSource="c:\program files (x86)\arcgis\desktop10.2\ArcToolbox\Toolboxes\Data Management Tools.tbx\CalculateField" Date="20151007" Time="104414">CalculateField ZONAS_1_2 P_SUE 1.5 VB #</Process><Process ToolSource="c:\program files (x86)\arcgis\desktop10.2\ArcToolbox\Toolboxes\Data Management Tools.tbx\CalculateField" Date="20151007" Time="104712">CalculateField ZONAS_1_2 P_SUE 1 VB #</Process><Process ToolSource="c:\program files (x86)\arcgis\desktop10.2\ArcToolbox\Toolboxes\Data Management Tools.tbx\CalculateField" Date="20151007" Time="104913">CalculateField ZONAS_1_2 P_SUE 0.5 VB #</Process><Process ToolSource="c:\program files (x86)\arcgis\desktop10.2\ArcToolbox\Toolboxes\Data Management Tools.tbx\CalculateField" Date="20151007" Time="105954">CalculateField ZONAS_1_2 P_SUE 2 VB #</Process><Process ToolSource="c:\program files (x86)\arcgis\desktop10.2\ArcToolbox\Toolboxes\Data Management Tools.tbx\CalculateField" Date="20151007" Time="110540">CalculateField ZONAS_1_2 P_SUE 2 VB #</Process><Process ToolSource="c:\program files (x86)\arcgis\desktop10.2\ArcToolbox\Toolboxes\Data Management Tools.tbx\CalculateField" Date="20151007" Time="110648">CalculateField ZONAS_1_2 P_SUE 2 VB #</Process><Process ToolSource="c:\program files (x86)\arcgis\desktop10.2\ArcToolbox\Toolboxes\Data Management Tools.tbx\CalculateField" Date="20151007" Time="110835">CalculateField ZONAS_1_2 P_SUE 2 VB #</Process><Process ToolSource="c:\program files (x86)\arcgis\desktop10.2\ArcToolbox\Toolboxes\Data Management Tools.tbx\CalculateField" Date="20151007" Time="111940">CalculateField ZONAS_1_2 P_COB 2 VB #</Process><Process ToolSource="c:\program files (x86)\arcgis\desktop10.2\ArcToolbox\Toolboxes\Data Management Tools.tbx\CalculateField" Date="20151007" Time="111952">CalculateField ZONAS_1_2 P_COB 2 VB #</Process><Process ToolSource="c:\program files (x86)\arcgis\desktop10.2\ArcToolbox\Toolboxes\Data Management Tools.tbx\CalculateField" Date="20151007" Time="112049">CalculateField ZONAS_1_2 P_COB 2 VB #</Process><Process ToolSource="c:\program files (x86)\arcgis\desktop10.2\ArcToolbox\Toolboxes\Data Management Tools.tbx\CalculateField" Date="20151007" Time="112454">CalculateField ZONAS_1_2 P_COB 1.5 VB #</Process><Process ToolSource="c:\program files (x86)\arcgis\desktop10.2\ArcToolbox\Toolboxes\Data Management Tools.tbx\CalculateField" Date="20151007" Time="112622">CalculateField ZONAS_1_2 P_COB 1 VB #</Process><Process ToolSource="c:\program files (x86)\arcgis\desktop10.2\ArcToolbox\Toolboxes\Data Management Tools.tbx\CalculateField" Date="20151007" Time="112819">CalculateField ZONAS_1_2 P_COB 0.5 VB #</Process><Process ToolSource="c:\program files (x86)\arcgis\desktop10.2\ArcToolbox\Toolboxes\Data Management Tools.tbx\CalculateField" Date="20151007" Time="112940">CalculateField ZONAS_1_2 P_COB 1 VB #</Process><Process ToolSource="c:\program files (x86)\arcgis\desktop10.2\ArcToolbox\Toolboxes\Data Management Tools.tbx\CalculateField" Date="20151007" Time="113015">CalculateField ZONAS_1_2 P_COB 1 VB #</Process><Process ToolSource="c:\program files (x86)\arcgis\desktop10.2\ArcToolbox\Toolboxes\Data Management Tools.tbx\CalculateField" Date="20151007" Time="125354">CalculateField MULTI_2 SUBPAISA_G [SUBPAISA_1] VB #</Process><Process ToolSource="c:\program files (x86)\arcgis\desktop10.2\ArcToolbox\Toolboxes\Data Management Tools.tbx\CalculateField" Date="20151007" Time="125428">CalculateField MULTI_2 GEOLOGIA [GEOLOGIA_1] VB #</Process><Process ToolSource="c:\program files (x86)\arcgis\desktop10.2\ArcToolbox\Toolboxes\Data Management Tools.tbx\CalculateField" Date="20151007" Time="125444">CalculateField MULTI_2 LITOLOGIA [GEOLOGIA_1] VB #</Process><Process ToolSource="c:\program files (x86)\arcgis\desktop10.2\ArcToolbox\Toolboxes\Data Management Tools.tbx\CalculateField" Date="20151007" Time="125504">CalculateField MULTI_2 PENDIENTE [GEOLOGIA_1] VB #</Process><Process ToolSource="c:\program files (x86)\arcgis\desktop10.2\ArcToolbox\Toolboxes\Data Management Tools.tbx\CalculateField" Date="20151007" Time="125534">CalculateField MULTI_2 PENDIENTE [PENDIENT_1] VB #</Process><Process ToolSource="c:\program files (x86)\arcgis\desktop10.2\ArcToolbox\Toolboxes\Data Management Tools.tbx\CalculateField" Date="20151007" Time="125549">CalculateField MULTI_2 SUELOS [SUELOS_1] VB #</Process><Process ToolSource="c:\program files (x86)\arcgis\desktop10.2\ArcToolbox\Toolboxes\Data Management Tools.tbx\CalculateField" Date="20151007" Time="125604">CalculateField MULTI_2 NIVEL_III [NIVEL_II_1] VB #</Process><Process ToolSource="c:\program files (x86)\arcgis\desktop10.2\ArcToolbox\Toolboxes\Data Management Tools.tbx\CalculateField" Date="20151007" Time="125632">CalculateField MULTI_2 P_PEN [NIVEL_II_1] VB #</Process><Process ToolSource="c:\program files (x86)\arcgis\desktop10.2\ArcToolbox\Toolboxes\Data Management Tools.tbx\CalculateField" Date="20151007" Time="125646">CalculateField MULTI_2 P_PEN [P_PEN_1] VB #</Process><Process ToolSource="c:\program files (x86)\arcgis\desktop10.2\ArcToolbox\Toolboxes\Data Management Tools.tbx\CalculateField" Date="20151007" Time="125706">CalculateField MULTI_2 P_SUB [P_SUB_1] VB #</Process><Process ToolSource="c:\program files (x86)\arcgis\desktop10.2\ArcToolbox\Toolboxes\Data Management Tools.tbx\CalculateField" Date="20151007" Time="125726">CalculateField MULTI_2 P_LIT [P_LIT_1] VB #</Process><Process ToolSource="c:\program files (x86)\arcgis\desktop10.2\ArcToolbox\Toolboxes\Data Management Tools.tbx\CalculateField" Date="20151007" Time="125925">CalculateField MULTI_2 P_SUE [P_SUE_1] VB #</Process><Process ToolSource="c:\program files (x86)\arcgis\desktop10.2\ArcToolbox\Toolboxes\Data Management Tools.tbx\CalculateField" Date="20151007" Time="125940">CalculateField MULTI_2 P_COB [P_COB_1] VB #</Process><Process ToolSource="c:\program files (x86)\arcgis\desktop10.2\ArcToolbox\Toolboxes\Data Management Tools.tbx\CalculateField" Date="20151007" Time="133813">CalculateField MULTI_4 SUBPAISA_G [SUBPAISA_1] VB #</Process><Process ToolSource="c:\program files (x86)\arcgis\desktop10.2\ArcToolbox\Toolboxes\Data Management Tools.tbx\CalculateField" Date="20151007" Time="133858">CalculateField MULTI_4 GEOLOGIA [GEOLOGIA_1] VB #</Process><Process ToolSource="c:\program files (x86)\arcgis\desktop10.2\ArcToolbox\Toolboxes\Data Management Tools.tbx\CalculateField" Date="20151007" Time="133914">CalculateField MULTI_4 LITOLOGIA [LITOLOGI_1] VB #</Process><Process ToolSource="c:\program files (x86)\arcgis\desktop10.2\ArcToolbox\Toolboxes\Data Management Tools.tbx\CalculateField" Date="20151007" Time="133929">CalculateField MULTI_4 PENDIENTE [PENDIENTE] VB #</Process><Process ToolSource="c:\program files (x86)\arcgis\desktop10.2\ArcToolbox\Toolboxes\Data Management Tools.tbx\CalculateField" Date="20151007" Time="133949">CalculateField MULTI_4 PENDIENTE [PENDIENT_1] VB #</Process><Process ToolSource="c:\program files (x86)\arcgis\desktop10.2\ArcToolbox\Toolboxes\Data Management Tools.tbx\CalculateField" Date="20151007" Time="134007">CalculateField MULTI_4 SUELOS [SUELOS_1] VB #</Process><Process ToolSource="c:\program files (x86)\arcgis\desktop10.2\ArcToolbox\Toolboxes\Data Management Tools.tbx\CalculateField" Date="20151007" Time="134028">CalculateField MULTI_4 NIVEL_III [NIVEL_II_1] VB #</Process><Process ToolSource="c:\program files (x86)\arcgis\desktop10.2\ArcToolbox\Toolboxes\Data Management Tools.tbx\CalculateField" Date="20151007" Time="134046">CalculateField MULTI_4 P_PEN [P_PEN_1] VB #</Process><Process ToolSource="c:\program files (x86)\arcgis\desktop10.2\ArcToolbox\Toolboxes\Data Management Tools.tbx\CalculateField" Date="20151007" Time="134101">CalculateField MULTI_4 P_SUB [P_SUB_1] VB #</Process><Process ToolSource="c:\program files (x86)\arcgis\desktop10.2\ArcToolbox\Toolboxes\Data Management Tools.tbx\CalculateField" Date="20151007" Time="134116">CalculateField MULTI_4 P_LIT [P_LIT_1] VB #</Process><Process ToolSource="c:\program files (x86)\arcgis\desktop10.2\ArcToolbox\Toolboxes\Data Management Tools.tbx\CalculateField" Date="20151007" Time="134143">CalculateField MULTI_4 P_SUE [P_SUE_1] VB #</Process><Process ToolSource="c:\program files (x86)\arcgis\desktop10.2\ArcToolbox\Toolboxes\Data Management Tools.tbx\CalculateField" Date="20151007" Time="134159">CalculateField MULTI_4 P_COB [P_COB_1] VB #</Process><Process ToolSource="c:\program files (x86)\arcgis\desktop10.2\ArcToolbox\Toolboxes\Data Management Tools.tbx\CalculateField" Date="20151007" Time="134650">CalculateField MULTI_4 C_LIT [P_LIT]*0.39 VB #</Process><Process ToolSource="c:\program files (x86)\arcgis\desktop10.2\ArcToolbox\Toolboxes\Data Management Tools.tbx\CalculateField" Date="20151007" Time="134852">CalculateField MULTI_4 C_SUB [P_SUB]*0.16 VB #</Process><Process ToolSource="c:\program files (x86)\arcgis\desktop10.2\ArcToolbox\Toolboxes\Data Management Tools.tbx\CalculateField" Date="20151007" Time="134950">CalculateField MULTI_4 C_PEN [P_PEN]*0.12 VB #</Process><Process ToolSource="c:\program files (x86)\arcgis\desktop10.2\ArcToolbox\Toolboxes\Data Management Tools.tbx\CalculateField" Date="20151007" Time="135107">CalculateField MULTI_4 C_SUE [P_SUE]*0.13 VB #</Process><Process ToolSource="c:\program files (x86)\arcgis\desktop10.2\ArcToolbox\Toolboxes\Data Management Tools.tbx\CalculateField" Date="20151007" Time="135226">CalculateField MULTI_4 C_COB [P_COB]*0.20 VB #</Process><Process ToolSource="c:\program files (x86)\arcgis\desktop10.2\ArcToolbox\Toolboxes\Data Management Tools.tbx\CalculateField" Date="20151007" Time="135324">CalculateField MULTI_4 INDICE "[C_LIT]+ [C_SUB]+ [C_PEN]+ [C_SUE]+ [C_COB]" VB #</Process><Process ToolSource="c:\program files (x86)\arcgis\desktop10.2\ArcToolbox\Toolboxes\Data Management Tools.tbx\CalculateField" Date="20151007" Time="135923">CalculateField MULTI_4 CATEGORIA 1 VB #</Process><Process ToolSource="c:\program files (x86)\arcgis\desktop10.2\ArcToolbox\Toolboxes\Data Management Tools.tbx\CalculateField" Date="20151007" Time="140156">CalculateField MULTI_4 CATEGORIA 2 VB #</Process><Process ToolSource="c:\program files (x86)\arcgis\desktop10.2\ArcToolbox\Toolboxes\Data Management Tools.tbx\CalculateField" Date="20151007" Time="140234">CalculateField MULTI_4 CATEGORIA 3 VB #</Process><Process ToolSource="c:\program files (x86)\arcgis\desktop10.2\ArcToolbox\Toolboxes\Data Management Tools.tbx\CalculateField" Date="20151007" Time="140243">CalculateField MULTI_4 CATEGORIA 3 VB #</Process><Process ToolSource="c:\program files (x86)\arcgis\desktop10.2\ArcToolbox\Toolboxes\Data Management Tools.tbx\CalculateField" Date="20151007" Time="140318">CalculateField MULTI_4 CATEGORIA 4 VB #</Process><Process ToolSource="c:\program files (x86)\arcgis\desktop10.2\ArcToolbox\Toolboxes\Data Management Tools.tbx\CalculateField" Date="20151007" Time="140345">CalculateField MULTI_4 CATEGORIA 5 VB #</Process><Process ToolSource="c:\program files (x86)\arcgis\desktop10.2\ArcToolbox\Toolboxes\Data Management Tools.tbx\CalculateField" Date="20151007" Time="141752">CalculateField MULTI_4 CATEGORIA 1 VB #</Process><Process ToolSource="c:\program files (x86)\arcgis\desktop10.2\ArcToolbox\Toolboxes\Data Management Tools.tbx\CalculateField" Date="20151007" Time="142113">CalculateField MULTI_4 CATEGORIA 2 VB #</Process><Process ToolSource="c:\program files (x86)\arcgis\desktop10.2\ArcToolbox\Toolboxes\Data Management Tools.tbx\CalculateField" Date="20151007" Time="142222">CalculateField MULTI_4 P_SUB 0 VB #</Process><Process ToolSource="c:\program files (x86)\arcgis\desktop10.2\ArcToolbox\Toolboxes\Data Management Tools.tbx\CalculateField" Date="20151007" Time="142229">CalculateField MULTI_4 P_SUE 0 VB #</Process><Process ToolSource="c:\program files (x86)\arcgis\desktop10.2\ArcToolbox\Toolboxes\Data Management Tools.tbx\CalculateField" Date="20151007" Time="142233">CalculateField MULTI_4 P_COB 0 VB #</Process><Process ToolSource="c:\program files (x86)\arcgis\desktop10.2\ArcToolbox\Toolboxes\Data Management Tools.tbx\CalculateField" Date="20151007" Time="142241">CalculateField MULTI_4 C_SUB 0 VB #</Process><Process ToolSource="c:\program files (x86)\arcgis\desktop10.2\ArcToolbox\Toolboxes\Data Management Tools.tbx\CalculateField" Date="20151007" Time="142247">CalculateField MULTI_4 C_PEN 0 VB #</Process><Process ToolSource="c:\program files (x86)\arcgis\desktop10.2\ArcToolbox\Toolboxes\Data Management Tools.tbx\CalculateField" Date="20151007" Time="142251">CalculateField MULTI_4 C_SUE 0 VB #</Process><Process ToolSource="c:\program files (x86)\arcgis\desktop10.2\ArcToolbox\Toolboxes\Data Management Tools.tbx\CalculateField" Date="20151007" Time="142254">CalculateField MULTI_4 C_COB 0 VB #</Process><Process ToolSource="c:\program files (x86)\arcgis\desktop10.2\ArcToolbox\Toolboxes\Data Management Tools.tbx\CalculateField" Date="20151007" Time="142257">CalculateField MULTI_4 INDICE 0 VB #</Process><Process ToolSource="c:\program files (x86)\arcgis\desktop10.2\ArcToolbox\Toolboxes\Data Management Tools.tbx\CalculateField" Date="20151007" Time="142330">CalculateField MULTI_4 P_SUE 0 VB #</Process><Process ToolSource="c:\program files (x86)\arcgis\desktop10.2\ArcToolbox\Toolboxes\Data Management Tools.tbx\CalculateField" Date="20151007" Time="142339">CalculateField MULTI_4 C_SUE 0 VB #</Process><Process ToolSource="c:\program files (x86)\arcgis\desktop10.2\ArcToolbox\Toolboxes\Data Management Tools.tbx\CalculateField" Date="20151007" Time="142354">CalculateField MULTI_4 INDICE 0 VB #</Process><Process ToolSource="c:\program files (x86)\arcgis\desktop10.2\ArcToolbox\Toolboxes\Data Management Tools.tbx\CalculateField" Date="20151007" Time="142359">CalculateField MULTI_4 CATEGORIA 0 VB #</Process><Process ToolSource="c:\program files (x86)\arcgis\desktop10.2\ArcToolbox\Toolboxes\Data Management Tools.tbx\CalculateField" Date="20151007" Time="142719">CalculateField MULTI_4 CATEGORIA 0 VB #</Process><Process ToolSource="c:\program files (x86)\arcgis\desktop10.2\ArcToolbox\Toolboxes\Data Management Tools.tbx\CalculateField" Date="20151007" Time="143006">CalculateField MULTI_4 CATEGORIA 1 VB #</Process><Process ToolSource="c:\program files (x86)\arcgis\desktop10.2\ArcToolbox\Toolboxes\Data Management Tools.tbx\CalculateField" Date="20151007" Time="143039">CalculateField MULTI_4 CATEGORIA 2 VB #</Process><Process ToolSource="c:\program files (x86)\arcgis\desktop10.2\ArcToolbox\Toolboxes\Data Management Tools.tbx\CalculateField" Date="20151007" Time="143351">CalculateField MULTI_4 CATEGORIA 3 VB #</Process><Process ToolSource="c:\program files (x86)\arcgis\desktop10.2\ArcToolbox\Toolboxes\Data Management Tools.tbx\CalculateField" Date="20151007" Time="143415">CalculateField MULTI_4 CATEGORIA 4 VB #</Process><Process ToolSource="c:\program files (x86)\arcgis\desktop10.2\ArcToolbox\Toolboxes\Data Management Tools.tbx\CalculateField" Date="20151008" Time="095046">CalculateField MODELO_2_1 C_LIT "[P_LIT] *0.29" VB #</Process><Process ToolSource="c:\program files (x86)\arcgis\desktop10.2\ArcToolbox\Toolboxes\Data Management Tools.tbx\CalculateField" Date="20151008" Time="095134">CalculateField MODELO_2_1 C_SUB "[P_SUB] *0.18" VB #</Process><Process ToolSource="c:\program files (x86)\arcgis\desktop10.2\ArcToolbox\Toolboxes\Data Management Tools.tbx\CalculateField" Date="20151008" Time="095212">CalculateField MODELO_2_1 C_PEN [P_PEN]*0.16 VB #</Process><Process ToolSource="c:\program files (x86)\arcgis\desktop10.2\ArcToolbox\Toolboxes\Data Management Tools.tbx\CalculateField" Date="20151008" Time="095241">CalculateField MODELO_2_1 C_SUE "[P_SUE] *0.14" VB #</Process><Process ToolSource="c:\program files (x86)\arcgis\desktop10.2\ArcToolbox\Toolboxes\Data Management Tools.tbx\CalculateField" Date="20151008" Time="095309">CalculateField MODELO_2_1 C_COB [P_COB]*0.23 VB #</Process><Process ToolSource="c:\program files (x86)\arcgis\desktop10.2\ArcToolbox\Toolboxes\Data Management Tools.tbx\CalculateField" Date="20151008" Time="095344">CalculateField MODELO_2_1 INDICE "[C_LIT]+ [C_SUB]+ [C_PEN]+ [C_SUE]+ [C_COB]" VB #</Process><Process ToolSource="c:\program files (x86)\arcgis\desktop10.2\ArcToolbox\Toolboxes\Data Management Tools.tbx\CalculateField" Date="20151008" Time="101359">CalculateField MODELO_2_1 CATEGORIA 0 VB #</Process><Process ToolSource="c:\program files (x86)\arcgis\desktop10.2\ArcToolbox\Toolboxes\Data Management Tools.tbx\CalculateField" Date="20151008" Time="102031">CalculateField MODELO_2_1 P_SUE 0 VB #</Process><Process ToolSource="c:\program files (x86)\arcgis\desktop10.2\ArcToolbox\Toolboxes\Data Management Tools.tbx\CalculateField" Date="20151008" Time="102038">CalculateField MODELO_2_1 P_COB 0 VB #</Process><Process ToolSource="c:\program files (x86)\arcgis\desktop10.2\ArcToolbox\Toolboxes\Data Management Tools.tbx\CalculateField" Date="20151008" Time="102044">CalculateField MODELO_2_1 C_SUE 0 VB #</Process><Process ToolSource="c:\program files (x86)\arcgis\desktop10.2\ArcToolbox\Toolboxes\Data Management Tools.tbx\CalculateField" Date="20151008" Time="102049">CalculateField MODELO_2_1 C_COB 0 VB #</Process><Process ToolSource="c:\program files (x86)\arcgis\desktop10.2\ArcToolbox\Toolboxes\Data Management Tools.tbx\CalculateField" Date="20151008" Time="102054">CalculateField MODELO_2_1 INDICE 0 VB #</Process><Process ToolSource="c:\program files (x86)\arcgis\desktop10.2\ArcToolbox\Toolboxes\Data Management Tools.tbx\CalculateField" Date="20151008" Time="102058">CalculateField MODELO_2_1 CATEGORIA 0 VB #</Process><Process ToolSource="c:\program files (x86)\arcgis\desktop10.2\ArcToolbox\Toolboxes\Data Management Tools.tbx\CalculateField" Date="20151008" Time="103423">CalculateField MODELO_2_1 P_PEN 1 VB #</Process><Process ToolSource="c:\program files (x86)\arcgis\desktop10.2\ArcToolbox\Toolboxes\Data Management Tools.tbx\CalculateField" Date="20151008" Time="103620">CalculateField MODELO_2_1 C_PEN 0.16 VB #</Process><Process ToolSource="c:\program files (x86)\arcgis\desktop10.2\ArcToolbox\Toolboxes\Data Management Tools.tbx\CalculateField" Date="20151008" Time="103638">CalculateField MODELO_2_1 INDICE "[C_LIT] + [C_SUB] + [C_PEN] + [C_SUE] + [C_COB]" VB #</Process><Process ToolSource="C:\Program Files (x86)\ArcGIS\ArcToolbox\Toolboxes\Analysis Tools.tbx\SpatialJoin" Date="20151127" Time="133325">SpatialJoin movimientos_masa z7_mm D:\SIG\MULTIAMENAZAS_ECUADOR\SHAPES\MOVIMIENTOS_MASA\mov_masa_2015_11_27.shp JOIN_ONE_TO_ONE KEEP_ALL "FID_MULTI_ 'FID_MULTI_' true true false 9 Long 0 9 ,First,#,D:\SIG\SusceptInund_x_Geoforma_2015_11_16\shape\movimientos_masa.shp,FID_MULTI_,-1,-1;FID_MOV_MA 'FID_MOV_MA' true true false 9 Long 0 9 ,First,#,D:\SIG\SusceptInund_x_Geoforma_2015_11_16\shape\movimientos_masa.shp,FID_MOV_MA,-1,-1;OBJECTID 'OBJECTID' true true false 9 Long 0 9 ,First,#,D:\SIG\SusceptInund_x_Geoforma_2015_11_16\shape\movimientos_masa.shp,OBJECTID,-1,-1;SUBPAISA_G 'SUBPAISA_G' true true false 254 Text 0 0 ,First,#,D:\SIG\SusceptInund_x_Geoforma_2015_11_16\shape\movimientos_masa.shp,SUBPAISA_G,-1,-1;GEOLOGIA 'GEOLOGIA' true true false 254 Text 0 0 ,First,#,D:\SIG\SusceptInund_x_Geoforma_2015_11_16\shape\movimientos_masa.shp,GEOLOGIA,-1,-1;LITOLOGIA 'LITOLOGIA' true true false 254 Text 0 0 ,First,#,D:\SIG\SusceptInund_x_Geoforma_2015_11_16\shape\movimientos_masa.shp,LITOLOGIA,-1,-1;PENDIENTE 'PENDIENTE' true true false 50 Text 0 0 ,First,#,D:\SIG\SusceptInund_x_Geoforma_2015_11_16\shape\movimientos_masa.shp,PENDIENTE,-1,-1;SUELOS 'SUELOS' true true false 254 Text 0 0 ,First,#,D:\SIG\SusceptInund_x_Geoforma_2015_11_16\shape\movimientos_masa.shp,SUELOS,-1,-1;NIVEL_III 'NIVEL_III' true true false 254 Text 0 0 ,First,#,D:\SIG\SusceptInund_x_Geoforma_2015_11_16\shape\movimientos_masa.shp,NIVEL_III,-1,-1;P_PEN 'P_PEN' true true false 12 Double 3 11 ,First,#,D:\SIG\SusceptInund_x_Geoforma_2015_11_16\shape\movimientos_masa.shp,P_PEN,-1,-1;P_SUB 'P_SUB' true true false 12 Double 3 11 ,First,#,D:\SIG\SusceptInund_x_Geoforma_2015_11_16\shape\movimientos_masa.shp,P_SUB,-1,-1;P_LIT 'P_LIT' true true false 12 Double 3 11 ,First,#,D:\SIG\SusceptInund_x_Geoforma_2015_11_16\shape\movimientos_masa.shp,P_LIT,-1,-1;P_SUE 'P_SUE' true true false 12 Double 3 11 ,First,#,D:\SIG\SusceptInund_x_Geoforma_2015_11_16\shape\movimientos_masa.shp,P_SUE,-1,-1;P_COB 'P_COB' true true false 12 Double 3 11 ,First,#,D:\SIG\SusceptInund_x_Geoforma_2015_11_16\shape\movimientos_masa.shp,P_COB,-1,-1;C_LIT 'C_LIT' true true false 6 Float 3 5 ,First,#,D:\SIG\SusceptInund_x_Geoforma_2015_11_16\shape\movimientos_masa.shp,C_LIT,-1,-1;C_SUB 'C_SUB' true true false 6 Float 3 5 ,First,#,D:\SIG\SusceptInund_x_Geoforma_2015_11_16\shape\movimientos_masa.shp,C_SUB,-1,-1;C_PEN 'C_PEN' true true false 6 Float 3 5 ,First,#,D:\SIG\SusceptInund_x_Geoforma_2015_11_16\shape\movimientos_masa.shp,C_PEN,-1,-1;C_SUE 'C_SUE' true true false 6 Float 3 5 ,First,#,D:\SIG\SusceptInund_x_Geoforma_2015_11_16\shape\movimientos_masa.shp,C_SUE,-1,-1;C_COB 'C_COB' true true false 6 Float 3 5 ,First,#,D:\SIG\SusceptInund_x_Geoforma_2015_11_16\shape\movimientos_masa.shp,C_COB,-1,-1;INDICE 'INDICE' true true false 6 Float 3 5 ,First,#,D:\SIG\SusceptInund_x_Geoforma_2015_11_16\shape\movimientos_masa.shp,INDICE,-1,-1;CATEGORIA 'CATEGORIA' true true false 150 Text 0 0 ,First,#,D:\SIG\SusceptInund_x_Geoforma_2015_11_16\shape\movimientos_masa.shp,CATEGORIA,-1,-1;ARREGLAR 'ARREGLAR' true true false 150 Text 0 0 ,First,#,D:\SIG\SusceptInund_x_Geoforma_2015_11_16\shape\movimientos_masa.shp,ARREGLAR,-1,-1;SUBPAISA_1 'SUBPAISA_1' true true false 254 Text 0 0 ,First,#,D:\SIG\SHAPES\borrar\New Folder\z7_mm.shp,SUBPAISA_G,-1,-1;GEOLOGIA_1 'GEOLOGIA_1' true true false 254 Text 0 0 ,First,#,D:\SIG\SHAPES\borrar\New Folder\z7_mm.shp,GEOLOGIA,-1,-1;LITOLOGI_1 'LITOLOGI_1' true true false 254 Text 0 0 ,First,#,D:\SIG\SHAPES\borrar\New Folder\z7_mm.shp,LITOLOGIA,-1,-1;PENDIENT_1 'PENDIENT_1' true true false 50 Text 0 0 ,First,#,D:\SIG\SHAPES\borrar\New Folder\z7_mm.shp,PENDIENTE,-1,-1;SUELOS_1 'SUELOS_1' true true false 254 Text 0 0 ,First,#,D:\SIG\SHAPES\borrar\New Folder\z7_mm.shp,SUELOS,-1,-1;NIVEL_II_1 'NIVEL_II_1' true true false 254 Text 0 0 ,First,#,D:\SIG\SHAPES\borrar\New Folder\z7_mm.shp,NIVEL_III,-1,-1;P_SUB_1 'P_SUB_1' true true false 6 Float 3 5 ,First,#,D:\SIG\SHAPES\borrar\New Folder\z7_mm.shp,P_SUB,-1,-1;P_LIT_1 'P_LIT_1' true true false 6 Float 3 5 ,First,#,D:\SIG\SHAPES\borrar\New Folder\z7_mm.shp,P_LIT,-1,-1;P_PEN_1 'P_PEN_1' true true false 6 Float 3 5 ,First,#,D:\SIG\SHAPES\borrar\New Folder\z7_mm.shp,P_PEN,-1,-1;P_SUE_1 'P_SUE_1' true true false 6 Float 3 5 ,First,#,D:\SIG\SHAPES\borrar\New Folder\z7_mm.shp,P_SUE,-1,-1;P_COB_1 'P_COB_1' true true false 6 Float 3 5 ,First,#,D:\SIG\SHAPES\borrar\New Folder\z7_mm.shp,P_COB,-1,-1" INTERSECTS "0 Meters" #</Process><Process ToolSource="c:\program files (x86)\arcgis\desktop10.1\ArcToolbox\Toolboxes\Analysis Tools.tbx\Intersect" Date="20151201" Time="105124">Intersect "mov_masa_2015_11_27 #;Paso3_MOLDE_ecuadorsininundaYPaso2 #" D:\karen\MULTIPLE_AMENAZA\PROCESAMIENTO_NOVIEMBRE\INTEGRACION_MOVMASA_INUNDA\inundaciones\Paso5_intersect_MOLDE_movmasaoriginal.shp ALL # INPUT</Process><Process ToolSource="c:\program files (x86)\arcgis\desktop10.1\ArcToolbox\Toolboxes\Analysis Tools.tbx\Erase" Date="20151201" Time="111841">Erase Paso5_intersect_MOLDE_movmasaoriginal molde_pichincha D:\karen\MULTIPLE_AMENAZA\PROCESAMIENTO_NOVIEMBRE\INTEGRACION_MOVMASA_INUNDA\inundaciones\Paso6_ERASE_paso5_moldepichincha.shp #</Process><Process ToolSource="c:\program files (x86)\arcgis\desktop10.1\ArcToolbox\Toolboxes\Analysis Tools.tbx\Union" Date="20151201" Time="123450">Union "Paso8_PEGAR_Paso7enPaso6 #;Paso9_MERGE_paso1CONpaso1p_ #" D:\karen\MULTIPLE_AMENAZA\PROCESAMIENTO_NOVIEMBRE\INTEGRACION_MOVMASA_INUNDA\inundaciones\Paso10_UNION_paso8_paso9_integracion.shp ALL # GAPS</Process><Process ToolSource="c:\program files (x86)\arcgis\desktop10.1\ArcToolbox\Toolboxes\Data Management Tools.tbx\CalculateField" Date="20151201" Time="123846">CalculateField Paso10_UNION_paso8_paso9_integracion TIPIO "MOVIMIENTO EN MASA" VB #</Process><Process ToolSource="c:\program files (x86)\arcgis\desktop10.1\ArcToolbox\Toolboxes\Data Management Tools.tbx\CalculateField" Date="20151201" Time="124337">CalculateField Paso10_UNION_paso8_paso9_integracion SUSC_MA [SUSCEPTIBI] VB #</Process><Process ToolSource="c:\program files (x86)\arcgis\desktop10.1\ArcToolbox\Toolboxes\Data Management Tools.tbx\CalculateField" Date="20151201" Time="124424">CalculateField Paso10_UNION_paso8_paso9_integracion SUSC_MA [CATEGORIA] VB #</Process><Process ToolSource="c:\program files (x86)\arcgis\desktop10.1\ArcToolbox\Toolboxes\Data Management Tools.tbx\CalculateField" Date="20151201" Time="124536">CalculateField Paso10_UNION_paso8_paso9_integracion DESASTRE [TIPIO_1] VB #</Process><Process ToolSource="c:\program files (x86)\arcgis\desktop10.1\ArcToolbox\Toolboxes\Data Management Tools.tbx\CalculateField" Date="20151201" Time="124635">CalculateField Paso10_UNION_paso8_paso9_integracion DESASTRE "MOVIMIENTOS EN MASA" VB #</Process><Process ToolSource="c:\program files (x86)\arcgis\desktop10.1\ArcToolbox\Toolboxes\Data Management Tools.tbx\Eliminate" Date="20151201" Time="130701">Eliminate resultado_INTEGRACION D:\karen\MULTIPLE_AMENAZA\PROCESAMIENTO_NOVIEMBRE\INTEGRACION_MOVMASA_INUNDA\inundaciones\resultado_INTEGRACION_ELIMINATE_poligmenor1ha.shp AREA # #</Process><Process ToolSource="c:\program files (x86)\arcgis\desktop10.1\ArcToolbox\Toolboxes\Data Management Tools.tbx\CalculateField" Date="20151201" Time="134017">CalculateField resultado_INTEGRACION_ELIMINATE_poligmenor1ha modif "MEDIA" VB #</Process><Process ToolSource="c:\program files (x86)\arcgis\desktop10.1\ArcToolbox\Toolboxes\Data Management Tools.tbx\CalculateField" Date="20151201" Time="134117">CalculateField resultado_INTEGRACION_ELIMINATE_poligmenor1ha modif [SUSC_MA] VB #</Process><Process ToolSource="c:\program files (x86)\arcgis\desktop10.1\ArcToolbox\Toolboxes\Data Management Tools.tbx\CalculateField" Date="20151201" Time="134330">CalculateField resultado_INTEGRACION_ELIMINATE_poligmenor1ha modif "MEDIA" VB #</Process><Process ToolSource="c:\program files (x86)\arcgis\desktop10.1\ArcToolbox\Toolboxes\Data Management Tools.tbx\CalculateField" Date="20151201" Time="134609">CalculateField resultado_INTEGRACION_ELIMINATE_poligmenor1ha modif "MEDIA" VB #</Process><Process ToolSource="c:\program files (x86)\arcgis\desktop10.1\ArcToolbox\Toolboxes\Data Management Tools.tbx\CalculateField" Date="20151201" Time="134725">CalculateField resultado_INTEGRACION_ELIMINATE_poligmenor1ha modif "MEDIA" VB #</Process><Process ToolSource="c:\program files (x86)\arcgis\desktop10.1\ArcToolbox\Toolboxes\Data Management Tools.tbx\CalculateField" Date="20151201" Time="134749">CalculateField resultado_INTEGRACION_ELIMINATE_poligmenor1ha modif "MEDIA" VB #</Process><Process ToolSource="c:\program files (x86)\arcgis\desktop10.1\ArcToolbox\Toolboxes\Data Management Tools.tbx\CalculateField" Date="20151201" Time="134758">CalculateField resultado_INTEGRACION_ELIMINATE_poligmenor1ha modif "MEDIA" VB #</Process><Process ToolSource="c:\program files (x86)\arcgis\desktop10.1\ArcToolbox\Toolboxes\Data Management Tools.tbx\CalculateField" Date="20151201" Time="142038">CalculateField Multi-Amenazas SUBPAISA_G CAMARONERA VB #</Process><Process ToolSource="c:\program files (x86)\arcgis\desktop10.1\ArcToolbox\Toolboxes\Data Management Tools.tbx\CalculateField" Date="20151201" Time="142049">CalculateField Multi-Amenazas SUBPAISA_G "CAMARONERA" VB #</Process><Process ToolSource="c:\program files (x86)\arcgis\desktop10.1\ArcToolbox\Toolboxes\Data Management Tools.tbx\CalculateField" Date="20151201" Time="142112">CalculateField Multi-Amenazas SUBPAISA_G "MANGLARES" VB #</Process><Process ToolSource="c:\program files (x86)\arcgis\desktop10.1\ArcToolbox\Toolboxes\Data Management Tools.tbx\CalculateField" Date="20151201" Time="142220">CalculateField Multi-Amenazas SUBPAISA_G "MANGLARES" VB #</Process><Process ToolSource="c:\program files (x86)\arcgis\desktop10.1\ArcToolbox\Toolboxes\Data Management Tools.tbx\CalculateField" Date="20151201" Time="142247">CalculateField Multi-Amenazas SUBPAISA_G "MANGLARES" VB #</Process><Process ToolSource="c:\program files (x86)\arcgis\desktop10.1\ArcToolbox\Toolboxes\Data Management Tools.tbx\CalculateField" Date="20151201" Time="142315">CalculateField Multi-Amenazas SUBPAISA_G "MANGLARES" VB #</Process><Process ToolSource="c:\program files (x86)\arcgis\desktop10.1\ArcToolbox\Toolboxes\Data Management Tools.tbx\CalculateField" Date="20151201" Time="142347">CalculateField Multi-Amenazas SUBPAISA_G "MANGLARES" VB #</Process><Process ToolSource="c:\program files (x86)\arcgis\desktop10.1\ArcToolbox\Toolboxes\Data Management Tools.tbx\CalculateField" Date="20151201" Time="142419">CalculateField Multi-Amenazas SUBPAISA_G "MANGLARES" VB #</Process><Process ToolSource="c:\program files (x86)\arcgis\desktop10.1\ArcToolbox\Toolboxes\Data Management Tools.tbx\CalculateField" Date="20151201" Time="142434">CalculateField Multi-Amenazas SUBPAISA_G "MANGLARES" VB #</Process><Process ToolSource="c:\program files (x86)\arcgis\desktop10.1\ArcToolbox\Toolboxes\Data Management Tools.tbx\CalculateField" Date="20151201" Time="142504">CalculateField Multi-Amenazas SUBPAISA_G "MANGLARES" VB #</Process><Process ToolSource="c:\program files (x86)\arcgis\desktop10.1\ArcToolbox\Toolboxes\Analysis Tools.tbx\Erase" Date="20151217" Time="130219">Erase MULTIAMENZADAS_EC_JORGE Paso5_molde_AREASPOCODISECTADASExport_Output D:\karen\MULTIPLE_AMENAZA\PROCESAMIENTO_DICIEMBRE\CORRECCIONES\Paso7_MULTIAMENZADAS_EC_JORGE_ERASE_PAso5.shp #</Process><Process ToolSource="c:\program files (x86)\arcgis\desktop10.1\ArcToolbox\Toolboxes\Analysis Tools.tbx\Erase" Date="20151217" Time="131101">Erase Paso7_MULTIAMENZADAS_EC_JORGE_ERASE_PAso5 Paso9_molde_AREAS_DISECTADASE_PASO8 D:\karen\MULTIPLE_AMENAZA\PROCESAMIENTO_DICIEMBRE\CORRECCIONES\Paso10_MULTIAMENZADAS_EC_JORGE_ERASE_PAso5_ERASE_paso9.shp #</Process><Process ToolSource="c:\program files (x86)\arcgis\desktop10.1\ArcToolbox\Toolboxes\Data Management Tools.tbx\Merge" Date="20151217" Time="131704">Merge Paso10_MULTIAMENZADAS_EC_JORGE_ERASE_PAso5_ERASE_paso9;Paso8_Seleccion_delpaso4_AREAS_DISECTADAS;Paso6_AREASpocoDisectadas D:\karen\MULTIPLE_AMENAZA\PROCESAMIENTO_DICIEMBRE\CORRECCIONES\Paso11_RELLENAR_paso10_con_paso6y7_.shp "SUBPAISA_G "SUBPAISA_G" true true false 254 Text 0 0 ,First,#,Paso10_MULTIAMENZADAS_EC_JORGE_ERASE_PAso5_ERASE_paso9,SUBPAISA_G,-1,-1;GEOLOGIA "GEOLOGIA" true true false 254 Text 0 0 ,First,#,Paso10_MULTIAMENZADAS_EC_JORGE_ERASE_PAso5_ERASE_paso9,GEOLOGIA,-1,-1,Paso8_Seleccion_delpaso4_AREAS_DISECTADAS,Geologia,-1,-1,Paso6_AREASpocoDisectadas,Geologia,-1,-1;LITOLOGIA "LITOLOGIA" true true false 254 Text 0 0 ,First,#,Paso10_MULTIAMENZADAS_EC_JORGE_ERASE_PAso5_ERASE_paso9,LITOLOGIA,-1,-1;PENDIENTE "PENDIENTE" true true false 50 Text 0 0 ,First,#,Paso10_MULTIAMENZADAS_EC_JORGE_ERASE_PAso5_ERASE_paso9,PENDIENTE,-1,-1,Paso8_Seleccion_delpaso4_AREAS_DISECTADAS,Pendiente,-1,-1,Paso6_AREASpocoDisectadas,Pendiente,-1,-1;SUELOS "SUELOS" true true false 254 Text 0 0 ,First,#,Paso10_MULTIAMENZADAS_EC_JORGE_ERASE_PAso5_ERASE_paso9,SUELOS,-1,-1;NIVEL_III "NIVEL_III" true true false 254 Text 0 0 ,First,#,Paso10_MULTIAMENZADAS_EC_JORGE_ERASE_PAso5_ERASE_paso9,NIVEL_III,-1,-1;P_PEN "P_PEN" true true false 19 Double 3 18 ,First,#,Paso10_MULTIAMENZADAS_EC_JORGE_ERASE_PAso5_ERASE_paso9,P_PEN,-1,-1;P_SUB "P_SUB" true true false 19 Double 3 18 ,First,#,Paso10_MULTIAMENZADAS_EC_JORGE_ERASE_PAso5_ERASE_paso9,P_SUB,-1,-1;P_LIT "P_LIT" true true false 19 Double 3 18 ,First,#,Paso10_MULTIAMENZADAS_EC_JORGE_ERASE_PAso5_ERASE_paso9,P_LIT,-1,-1;P_SUE "P_SUE" true true false 19 Double 3 18 ,First,#,Paso10_MULTIAMENZADAS_EC_JORGE_ERASE_PAso5_ERASE_paso9,P_SUE,-1,-1;P_COB "P_COB" true true false 19 Double 3 18 ,First,#,Paso10_MULTIAMENZADAS_EC_JORGE_ERASE_PAso5_ERASE_paso9,P_COB,-1,-1;C_LIT "C_LIT" true true false 19 Double 3 18 ,First,#,Paso10_MULTIAMENZADAS_EC_JORGE_ERASE_PAso5_ERASE_paso9,C_LIT,-1,-1;C_SUB "C_SUB" true true false 19 Double 3 18 ,First,#,Paso10_MULTIAMENZADAS_EC_JORGE_ERASE_PAso5_ERASE_paso9,C_SUB,-1,-1;C_PEN "C_PEN" true true false 19 Double 3 18 ,First,#,Paso10_MULTIAMENZADAS_EC_JORGE_ERASE_PAso5_ERASE_paso9,C_PEN,-1,-1;C_SUE "C_SUE" true true false 19 Double 3 18 ,First,#,Paso10_MULTIAMENZADAS_EC_JORGE_ERASE_PAso5_ERASE_paso9,C_SUE,-1,-1;C_COB "C_COB" true true false 19 Double 3 18 ,First,#,Paso10_MULTIAMENZADAS_EC_JORGE_ERASE_PAso5_ERASE_paso9,C_COB,-1,-1;INDICE "INDICE" true true false 19 Double 3 18 ,First,#,Paso10_MULTIAMENZADAS_EC_JORGE_ERASE_PAso5_ERASE_paso9,INDICE,-1,-1;CATEGORIA "CATEGORIA" true true false 150 Text 0 0 ,First,#,Paso10_MULTIAMENZADAS_EC_JORGE_ERASE_PAso5_ERASE_paso9,CATEGORIA,-1,-1;UnidadAmbi "UnidadAmbi" true true false 250 Text 0 0 ,First,#,Paso10_MULTIAMENZADAS_EC_JORGE_ERASE_PAso5_ERASE_paso9,UnidadAmbi,-1,-1,Paso8_Seleccion_delpaso4_AREAS_DISECTADAS,UnidadAmbi,-1,-1,Paso6_AREASpocoDisectadas,UnidadAmbi,-1,-1;U_genet "U_genet" true true false 250 Text 0 0 ,First,#,Paso10_MULTIAMENZADAS_EC_JORGE_ERASE_PAso5_ERASE_paso9,U_genet,-1,-1,Paso8_Seleccion_delpaso4_AREAS_DISECTADAS,U_genet,-1,-1,Paso6_AREASpocoDisectadas,U_genet,-1,-1;U_morfol "U_morfol" true true false 100 Text 0 0 ,First,#,Paso10_MULTIAMENZADAS_EC_JORGE_ERASE_PAso5_ERASE_paso9,U_morfol,-1,-1,Paso8_Seleccion_delpaso4_AREAS_DISECTADAS,U_morfol,-1,-1,Paso6_AREASpocoDisectadas,U_morfol,-1,-1;Cod "Cod" true true false 50 Text 0 0 ,First,#,Paso10_MULTIAMENZADAS_EC_JORGE_ERASE_PAso5_ERASE_paso9,Cod,-1,-1,Paso8_Seleccion_delpaso4_AREAS_DISECTADAS,Cod,-1,-1,Paso6_AREASpocoDisectadas,Cod,-1,-1;F_cima "F_cima" true true false 50 Text 0 0 ,First,#,Paso10_MULTIAMENZADAS_EC_JORGE_ERASE_PAso5_ERASE_paso9,F_cima,-1,-1,Paso8_Seleccion_delpaso4_AREAS_DISECTADAS,F_cima,-1,-1,Paso6_AREASpocoDisectadas,F_cima,-1,-1;F_vertient "F_vertient" true true false 50 Text 0 0 ,First,#,Paso10_MULTIAMENZADAS_EC_JORGE_ERASE_PAso5_ERASE_paso9,F_vertient,-1,-1,Paso8_Seleccion_delpaso4_AREAS_DISECTADAS,F_vertient,-1,-1,Paso6_AREASpocoDisectadas,F_vertient,-1,-1;F_valle "F_valle" true true false 50 Text 0 0 ,First,#,Paso10_MULTIAMENZADAS_EC_JORGE_ERASE_PAso5_ERASE_paso9,F_valle,-1,-1,Paso8_Seleccion_delpaso4_AREAS_DISECTADAS,F_valle,-1,-1,Paso6_AREASpocoDisectadas,F_valle,-1,-1;Pendient_1 "Pendient_1" true true false 50 Text 0 0 ,First,#,Paso10_MULTIAMENZADAS_EC_JORGE_ERASE_PAso5_ERASE_paso9,Pendient_1,-1,-1;R_pendient "R_pendient" true true false 50 Text 0 0 ,First,#,Paso10_MULTIAMENZADAS_EC_JORGE_ERASE_PAso5_ERASE_paso9,R_pendient,-1,-1,Paso8_Seleccion_delpaso4_AREAS_DISECTADAS,R_pendient,-1,-1,Paso6_AREASpocoDisectadas,R_pendient,-1,-1;D_relativo "D_relativo" true true false 50 Text 0 0 ,First,#,Paso10_MULTIAMENZADAS_EC_JORGE_ERASE_PAso5_ERASE_paso9,D_relativo,-1,-1,Paso8_Seleccion_delpaso4_AREAS_DISECTADAS,D_relativo,-1,-1,Paso6_AREASpocoDisectadas,D_relativo,-1,-1;L_vertien "L_vertien" true true false 50 Text 0 0 ,First,#,Paso10_MULTIAMENZADAS_EC_JORGE_ERASE_PAso5_ERASE_paso9,L_vertien,-1,-1,Paso8_Seleccion_delpaso4_AREAS_DISECTADAS,L_vertien,-1,-1,Paso6_AREASpocoDisectadas,L_vertien,-1,-1;Dr_tipo "Dr_tipo" true true false 50 Text 0 0 ,First,#,Paso10_MULTIAMENZADAS_EC_JORGE_ERASE_PAso5_ERASE_paso9,Dr_tipo,-1,-1,Paso8_Seleccion_delpaso4_AREAS_DISECTADAS,Dr_tipo,-1,-1,Paso6_AREASpocoDisectadas,Dr_tipo,-1,-1;Dr_dens "Dr_dens" true true false 50 Text 0 0 ,First,#,Paso10_MULTIAMENZADAS_EC_JORGE_ERASE_PAso5_ERASE_paso9,Dr_dens,-1,-1,Paso8_Seleccion_delpaso4_AREAS_DISECTADAS,Dr_dens,-1,-1,Paso6_AREASpocoDisectadas,Dr_dens,-1,-1;Geologia_1 "Geologia_1" true true false 100 Text 0 0 ,First,#,Paso10_MULTIAMENZADAS_EC_JORGE_ERASE_PAso5_ERASE_paso9,Geologia_1,-1,-1;Tipo_roca "Tipo_roca" true true false 254 Text 0 0 ,First,#,Paso10_MULTIAMENZADAS_EC_JORGE_ERASE_PAso5_ERASE_paso9,Tipo_roca,-1,-1,Paso8_Seleccion_delpaso4_AREAS_DISECTADAS,Tipo_roca,-1,-1,Paso6_AREASpocoDisectadas,Tipo_roca,-1,-1;Obs "Obs" true true false 250 Text 0 0 ,First,#,Paso10_MULTIAMENZADAS_EC_JORGE_ERASE_PAso5_ERASE_paso9,Obs,-1,-1,Paso8_Seleccion_delpaso4_AREAS_DISECTADAS,Obs,-1,-1,Paso6_AREASpocoDisectadas,Obs,-1,-1;SGT "SGT" true true false 230 Text 0 0 ,First,#,Paso10_MULTIAMENZADAS_EC_JORGE_ERASE_PAso5_ERASE_paso9,SGT,-1,-1,Paso8_Seleccion_delpaso4_AREAS_DISECTADAS,SGT,-1,-1,Paso6_AREASpocoDisectadas,SGT,-1,-1;TexS "TexS" true true false 50 Text 0 0 ,First,#,Paso10_MULTIAMENZADAS_EC_JORGE_ERASE_PAso5_ERASE_paso9,TexS,-1,-1,Paso8_Seleccion_delpaso4_AREAS_DISECTADAS,TexS,-1,-1,Paso6_AREASpocoDisectadas,TexS,-1,-1;TexP "TexP" true true false 50 Text 0 0 ,First,#,Paso10_MULTIAMENZADAS_EC_JORGE_ERASE_PAso5_ERASE_paso9,TexP,-1,-1,Paso8_Seleccion_delpaso4_AREAS_DISECTADAS,TexP,-1,-1,Paso6_AREASpocoDisectadas,TexP,-1,-1;Drena "Drena" true true false 50 Text 0 0 ,First,#,Paso10_MULTIAMENZADAS_EC_JORGE_ERASE_PAso5_ERASE_paso9,Drena,-1,-1,Paso8_Seleccion_delpaso4_AREAS_DISECTADAS,Drena,-1,-1,Paso6_AREASpocoDisectadas,Drena,-1,-1;IN_ "IN_" true true false 50 Text 0 0 ,First,#,Paso10_MULTIAMENZADAS_EC_JORGE_ERASE_PAso5_ERASE_paso9,IN_,-1,-1,Paso8_Seleccion_delpaso4_AREAS_DISECTADAS,IN_,-1,-1,Paso6_AREASpocoDisectadas,IN_,-1,-1;Caracteris "Caracteris" true true false 254 Text 0 0 ,First,#,Paso10_MULTIAMENZADAS_EC_JORGE_ERASE_PAso5_ERASE_paso9,Caracteris,-1,-1,Paso8_Seleccion_delpaso4_AREAS_DISECTADAS,Caracteris,-1,-1,Paso6_AREASpocoDisectadas,Caracteris,-1,-1;Cod_1 "Cod_1" true true false 50 Text 0 0 ,First,#,Paso10_MULTIAMENZADAS_EC_JORGE_ERASE_PAso5_ERASE_paso9,Cod_1,-1,-1,Paso8_Seleccion_delpaso4_AREAS_DISECTADAS,Cod_1,-1,-1,Paso6_AREASpocoDisectadas,Cod_1,-1,-1;SubClase "SubClase" true true false 50 Text 0 0 ,First,#,Paso10_MULTIAMENZADAS_EC_JORGE_ERASE_PAso5_ERASE_paso9,SubClase,-1,-1,Paso8_Seleccion_delpaso4_AREAS_DISECTADAS,SubClase,-1,-1,Paso6_AREASpocoDisectadas,SubClase,-1,-1;Simb "Simb" true true false 50 Text 0 0 ,First,#,Paso10_MULTIAMENZADAS_EC_JORGE_ERASE_PAso5_ERASE_paso9,Simb,-1,-1,Paso8_Seleccion_delpaso4_AREAS_DISECTADAS,Simb,-1,-1,Paso6_AREASpocoDisectadas,Simb,-1,-1;SGT_Clave "SGT_Clave" true true false 50 Text 0 0 ,First,#,Paso10_MULTIAMENZADAS_EC_JORGE_ERASE_PAso5_ERASE_paso9,SGT_Clave,-1,-1,Paso8_Seleccion_delpaso4_AREAS_DISECTADAS,SGT_Clave,-1,-1,Paso6_AREASpocoDisectadas,SGT_Clave,-1,-1;SIM "SIM" true true false 20 Text 0 0 ,First,#,Paso10_MULTIAMENZADAS_EC_JORGE_ERASE_PAso5_ERASE_paso9,SIM,-1,-1,Paso8_Seleccion_delpaso4_AREAS_DISECTADAS,SIM,-1,-1,Paso6_AREASpocoDisectadas,SIM,-1,-1;SUSC_INUN "SUSC_INUN" true true false 50 Text 0 0 ,First,#,Paso10_MULTIAMENZADAS_EC_JORGE_ERASE_PAso5_ERASE_paso9,SUSC_INUN,-1,-1,Paso8_Seleccion_delpaso4_AREAS_DISECTADAS,SUSC_INUN,-1,-1,Paso6_AREASpocoDisectadas,SUSC_INUN,-1,-1;COBERTURA "COBERTURA" true true false 100 Text 0 0 ,First,#,Paso10_MULTIAMENZADAS_EC_JORGE_ERASE_PAso5_ERASE_paso9,COBERTURA,-1,-1,Paso8_Seleccion_delpaso4_AREAS_DISECTADAS,COBERTURA,-1,-1,Paso6_AREASpocoDisectadas,COBERTURA,-1,-1;AREA "AREA" true true false 19 Double 0 0 ,First,#,Paso10_MULTIAMENZADAS_EC_JORGE_ERASE_PAso5_ERASE_paso9,AREA,-1,-1,Paso8_Seleccion_delpaso4_AREAS_DISECTADAS,AREA,-1,-1,Paso6_AREASpocoDisectadas,AREA,-1,-1;SUSCEPTIBI "SUSCEPTIBI" true true false 50 Text 0 0 ,First,#,Paso10_MULTIAMENZADAS_EC_JORGE_ERASE_PAso5_ERASE_paso9,SUSCEPTIBI,-1,-1,Paso8_Seleccion_delpaso4_AREAS_DISECTADAS,SUSCEPTIBI,-1,-1,Paso6_AREASpocoDisectadas,SUSCEPTIBI,-1,-1;UNIDAD_GEO "UNIDAD_GEO" true true false 254 Text 0 0 ,First,#,Paso10_MULTIAMENZADAS_EC_JORGE_ERASE_PAso5_ERASE_paso9,UNIDAD_GEO,-1,-1;TIPO_AMEN "TIPO_AMEN" true true false 100 Text 0 0 ,First,#,Paso10_MULTIAMENZADAS_EC_JORGE_ERASE_PAso5_ERASE_paso9,TIPO_AMEN,-1,-1;SUSC_TOTAL "SUSC_TOTAL" true true false 100 Text 0 0 ,First,#,Paso10_MULTIAMENZADAS_EC_JORGE_ERASE_PAso5_ERASE_paso9,SUSC_TOTAL,-1,-1;ORIG_FID "ORIG_FID" true true false 9 Long 0 9 ,First,#,Paso10_MULTIAMENZADAS_EC_JORGE_ERASE_PAso5_ERASE_paso9,ORIG_FID,-1,-1,Paso8_Seleccion_delpaso4_AREAS_DISECTADAS,ORIG_FID,-1,-1,Paso6_AREASpocoDisectadas,ORIG_FID,-1,-1;REVISION "REVISION" true true false 50 Text 0 0 ,First,#,Paso8_Seleccion_delpaso4_AREAS_DISECTADAS,REVISION,-1,-1,Paso6_AREASpocoDisectadas,REVISION,-1,-1;Shape_Leng "Shape_Leng" true true false 19 Double 0 0 ,First,#,Paso8_Seleccion_delpaso4_AREAS_DISECTADAS,Shape_Leng,-1,-1,Paso6_AREASpocoDisectadas,Shape_Leng,-1,-1;Shape_Area "Shape_Area" true true false 19 Double 0 0 ,First,#,Paso8_Seleccion_delpaso4_AREAS_DISECTADAS,Shape_Area,-1,-1,Paso6_AREASpocoDisectadas,Shape_Area,-1,-1;OBJECTID "OBJECTID" true true false 9 Long 0 9 ,First,#,Paso8_Seleccion_delpaso4_AREAS_DISECTADAS,OBJECTID,-1,-1,Paso6_AREASpocoDisectadas,OBJECTID,-1,-1;uam_etiq "uam_etiq" true true false 250 Text 0 0 ,First,#,Paso8_Seleccion_delpaso4_AREAS_DISECTADAS,uam_etiq,-1,-1,Paso6_AREASpocoDisectadas,uam_etiq,-1,-1;uge_etiq "uge_etiq" true true false 250 Text 0 0 ,First,#,Paso8_Seleccion_delpaso4_AREAS_DISECTADAS,uge_etiq,-1,-1,Paso6_AREASpocoDisectadas,uge_etiq,-1,-1;umo_etiq "umo_etiq" true true false 100 Text 0 0 ,First,#,Paso8_Seleccion_delpaso4_AREAS_DISECTADAS,umo_etiq,-1,-1,Paso6_AREASpocoDisectadas,umo_etiq,-1,-1;umo_simb "umo_simb" true true false 50 Text 0 0 ,First,#,Paso8_Seleccion_delpaso4_AREAS_DISECTADAS,umo_simb,-1,-1,Paso6_AREASpocoDisectadas,umo_simb,-1,-1;fci_etiq "fci_etiq" true true false 50 Text 0 0 ,First,#,Paso8_Seleccion_delpaso4_AREAS_DISECTADAS,fci_etiq,-1,-1,Paso6_AREASpocoDisectadas,fci_etiq,-1,-1;fve_etiq "fve_etiq" true true false 50 Text 0 0 ,First,#,Paso8_Seleccion_delpaso4_AREAS_DISECTADAS,fve_etiq,-1,-1,Paso6_AREASpocoDisectadas,fve_etiq,-1,-1;fva_etiq "fva_etiq" true true false 50 Text 0 0 ,First,#,Paso8_Seleccion_delpaso4_AREAS_DISECTADAS,fva_etiq,-1,-1,Paso6_AREASpocoDisectadas,fva_etiq,-1,-1;pen_etiq "pen_etiq" true true false 50 Text 0 0 ,First,#,Paso8_Seleccion_delpaso4_AREAS_DISECTADAS,pen_etiq,-1,-1,Paso6_AREASpocoDisectadas,pen_etiq,-1,-1;pen_desc "pen_desc" true true false 50 Text 0 0 ,First,#,Paso8_Seleccion_delpaso4_AREAS_DISECTADAS,pen_desc,-1,-1,Paso6_AREASpocoDisectadas,pen_desc,-1,-1;dre_etiq "dre_etiq" true true false 50 Text 0 0 ,First,#,Paso8_Seleccion_delpaso4_AREAS_DISECTADAS,dre_etiq,-1,-1,Paso6_AREASpocoDisectadas,dre_etiq,-1,-1;lve_etiq "lve_etiq" true true false 50 Text 0 0 ,First,#,Paso8_Seleccion_delpaso4_AREAS_DISECTADAS,lve_etiq,-1,-1,Paso6_AREASpocoDisectadas,lve_etiq,-1,-1;fdr_etiq "fdr_etiq" true true false 50 Text 0 0 ,First,#,Paso8_Seleccion_delpaso4_AREAS_DISECTADAS,fdr_etiq,-1,-1,Paso6_AREASpocoDisectadas,fdr_etiq,-1,-1;ded_etiq "ded_etiq" true true false 50 Text 0 0 ,First,#,Paso8_Seleccion_delpaso4_AREAS_DISECTADAS,ded_etiq,-1,-1,Paso6_AREASpocoDisectadas,ded_etiq,-1,-1;dge_etiq "dge_etiq" true true false 100 Text 0 0 ,First,#,Paso8_Seleccion_delpaso4_AREAS_DISECTADAS,dge_etiq,-1,-1,Paso6_AREASpocoDisectadas,dge_etiq,-1,-1;tdr "tdr" true true false 254 Text 0 0 ,First,#,Paso8_Seleccion_delpaso4_AREAS_DISECTADAS,tdr,-1,-1,Paso6_AREASpocoDisectadas,tdr,-1,-1;txt "txt" true true false 50 Text 0 0 ,First,#,Paso8_Seleccion_delpaso4_AREAS_DISECTADAS,txt,-1,-1,Paso6_AREASpocoDisectadas,txt,-1,-1;Shape_Le_1 "Shape_Le_1" true true false 19 Double 0 0 ,First,#,Paso8_Seleccion_delpaso4_AREAS_DISECTADAS,Shape_Le_1,-1,-1,Paso6_AREASpocoDisectadas,Shape_Le_1,-1,-1;susce_inun "susce_inun" true true false 80 Text 0 0 ,First,#,Paso8_Seleccion_delpaso4_AREAS_DISECTADAS,susce_inun,-1,-1,Paso6_AREASpocoDisectadas,susce_inun,-1,-1;SUSC_INUND "SUSC_INUND" true true false 50 Text 0 0 ,First,#,Paso8_Seleccion_delpaso4_AREAS_DISECTADAS,SUSC_INUND,-1,-1,Paso6_AREASpocoDisectadas,SUSC_INUND,-1,-1;CONTROL "CONTROL" true true false 50 Text 0 0 ,First,#,Paso8_Seleccion_delpaso4_AREAS_DISECTADAS,CONTROL,-1,-1,Paso6_AREASpocoDisectadas,CONTROL,-1,-1;COBER_K "COBER_K" true true false 50 Text 0 0 ,First,#,Paso8_Seleccion_delpaso4_AREAS_DISECTADAS,COBER_K,-1,-1,Paso6_AREASpocoDisectadas,COBER_K,-1,-1;RIOS "RIOS" true true false 50 Text 0 0 ,First,#,Paso8_Seleccion_delpaso4_AREAS_DISECTADAS,RIOS,-1,-1,Paso6_AREASpocoDisectadas,RIOS,-1,-1"</Process><Process ToolSource="c:\users\alfredo.noboa\appdata\local\programs\arcgis\pro\Resources\ArcToolbox\toolboxes\Analysis Tools.tbx\PairwiseClip" Date="20230428" Time="135856">PairwiseClip MULTIAMENAZAS zonacostera_MinimumBoundingG D:\inundaciones\inundaciones\Default.gdb\MULTIAMENAZAS_PairwiseClip #</Process><Process ToolSource="c:\users\alfredo.noboa\appdata\local\programs\arcgis\pro\Resources\ArcToolbox\toolboxes\Data Management Tools.tbx\Rename" Date="20230428" Time="140004">Rename D:\inundaciones\inundaciones\Default.gdb\MULTIAMENAZAS_PairwiseClip D:\inundaciones\inundaciones\Default.gdb\MULTIAMENAZAS_cota_1500 FeatureClass</Process><Process ToolSource="c:\users\alfredo.noboa\appdata\local\programs\arcgis\pro\Resources\ArcToolbox\toolboxes\Data Management Tools.tbx\Rename" Date="20230428" Time="140012">Rename D:\inundaciones\inundaciones\Default.gdb\MULTIAMENAZAS_cota_1500 D:\inundaciones\inundaciones\Default.gdb\MULTIAMENAZAS_debajo_cota_1500 FeatureClass</Process><Process Name="Clip" ToolSource="c:\users\alfredo.noboa\appdata\local\programs\arcgis\pro\Resources\ArcToolbox\toolboxes\Analysis Tools.tbx\Clip" Date="20230429" Time="135744">Clip MULTIAMENAZAS I_provincias_DPA_DESPRO "D:\NIÑO\capas_utilizadas\viviendas\viv_x_prov\EL ORO.shp" #</Process><Process ToolSource="c:\program files (x86)\arcgis\desktop10.1\ArcToolbox\Toolboxes\Data Management Tools.tbx\Dissolve" Date="20230919" Time="062450">Dissolve "EL ORO" "D:\INFORMACION\CISPDR PERU\PROYECTOS\ECUADOR\FENONEMO DE EL NIÑO 2023\DOCUMENTOS TÉCNICOS ENOS 2023\ARCHIVOS GEOGRAFICOS\Mapas Provinciales\El Oro\MM_INUNDACIONES.shp" CATEGORIA # MULTI_PART DISSOLVE_LINES</Process><Process ToolSource="c:\program files (x86)\arcgis\desktop10.1\ArcToolbox\Toolboxes\Data Management Tools.tbx\CalculateField" Date="20230919" Time="062521">CalculateField MM_INUNDACIONES CATEGORIA "INUNDACIONES" VB #</Process></lineage><itemProps><itemLocation><linkage Sync="TRUE">file://\\DESKTOP-1SKAVK6\D$\INFORMACION\CISPDR PERU\PROYECTOS\ECUADOR\FENONEMO DE EL NIÑO 2023\DOCUMENTOS TÉCNICOS ENOS 2023\ARCHIVOS GEOGRAFICOS\Mapas Provinciales\El Oro\MM_INUNDACIONES.shp</linkage><protocol Sync="TRUE">Local Area Network</protocol></itemLocation><itemName Sync="TRUE">MM_INUNDACIONES</itemName><imsContentType Sync="TRUE">002</imsContentType><itemSize Sync="TRUE">0.000</itemSize></itemProps><copyHistory><copy source="D:\JORGE_ESPINOSA\C_A_ZONAS_1_2\ZP_CA_ZONAS_1_2" dest="\\JESPINOZA\D$\JORGE_ESPINOSA\MULTIAMENAZAS\ZP_CA_ZONAS_1_2" date="20151006" time="13140100"></copy></copyHistory><coordRef><type Sync="TRUE">Projected</type><geogcsn Sync="TRUE">GCS_WGS_1984</geogcsn><csUnits Sync="TRUE">Linear Unit: Meter (1.000000)</csUnits><projcsn Sync="TRUE">WGS_1984_UTM_Zone_17S</projcsn><peXml Sync="TRUE">&lt;ProjectedCoordinateSystem xsi:type='typens:ProjectedCoordinateSystem' xmlns:xsi='http://www.w3.org/2001/XMLSchema-instance' xmlns:xs='http://www.w3.org/2001/XMLSchema' xmlns:typens='http://www.esri.com/schemas/ArcGIS/10.1'&gt;&lt;WKT&gt;PROJCS[&amp;quot;WGS_1984_UTM_Zone_17S&amp;quot;,GEOGCS[&amp;quot;GCS_WGS_1984&amp;quot;,DATUM[&amp;quot;D_WGS_1984&amp;quot;,SPHEROID[&amp;quot;WGS_1984&amp;quot;,6378137.0,298.257223563]],PRIMEM[&amp;quot;Greenwich&amp;quot;,0.0],UNIT[&amp;quot;Degree&amp;quot;,0.0174532925199433]],PROJECTION[&amp;quot;Transverse_Mercator&amp;quot;],PARAMETER[&amp;quot;False_Easting&amp;quot;,500000.0],PARAMETER[&amp;quot;False_Northing&amp;quot;,10000000.0],PARAMETER[&amp;quot;Central_Meridian&amp;quot;,-81.0],PARAMETER[&amp;quot;Scale_Factor&amp;quot;,0.9996],PARAMETER[&amp;quot;Latitude_Of_Origin&amp;quot;,0.0],UNIT[&amp;quot;Meter&amp;quot;,1.0],AUTHORITY[&amp;quot;EPSG&amp;quot;,32717]]&lt;/WKT&gt;&lt;XOrigin&gt;-5120900&lt;/XOrigin&gt;&lt;YOrigin&gt;1900&lt;/YOrigin&gt;&lt;XYScale&gt;450445547.3910538&lt;/XYScale&gt;&lt;ZOrigin&gt;-100000&lt;/ZOrigin&gt;&lt;ZScale&gt;10000&lt;/ZScale&gt;&lt;MOrigin&gt;-100000&lt;/MOrigin&gt;&lt;MScale&gt;10000&lt;/MScale&gt;&lt;XYTolerance&gt;0.001&lt;/XYTolerance&gt;&lt;ZTolerance&gt;0.001&lt;/ZTolerance&gt;&lt;MTolerance&gt;0.001&lt;/MTolerance&gt;&lt;HighPrecision&gt;true&lt;/HighPrecision&gt;&lt;WKID&gt;32717&lt;/WKID&gt;&lt;LatestWKID&gt;32717&lt;/LatestWKID&gt;&lt;/ProjectedCoordinateSystem&gt;</peXml></coordRef></DataProperties><ArcGISFormat>1.0</ArcGISFormat><ArcGISstyle>XTools Pro Metadata</ArcGISstyle></Esri><idinfo><native Sync="TRUE">Microsoft Windows Vista Version 6.1 (Build 7601) Service Pack 1; ESRI ArcCatalog 9.3.0.1770</native><descript><langdata Sync="TRUE">es</langdata><abstract>El documento cartográfico representa la susceptibilidad a movimientos en masa del territorio continental y susceptibilidad a inundaciones de la Cuenca del Pacífico, generada a partir de información del Proyecto de Inversión Generación de Geoinformación para la Gestión del Territorio a Nivel Nacional" y datos históricos de eventos ocurridos en el país,</abstract><purpose>Mapa multiamenazas para enfrentar fenómeno de El Niño 2015 y 2016</purpose></descript><citation><citeinfo><origin>REQUIRED: The name of an organization or individual that developed the data set.</origin><pubdate>REQUIRED: The date when the data set is published or otherwise made available for release.</pubdate><title Sync="TRUE">MULTIAMENAZAS_EC</title><ftname Sync="TRUE">MULTIAMENAZAS_EC</ftname><geoform Sync="TRUE">vector digital data</geoform><onlink Sync="TRUE">\\JBENITEZ\D$\ENTREGA_MULTIAMENAZAS\MULTIAMENAZAS_SUSCEPTIBILIDAD\MULTIAMENAZAS_ECUADOR\SHAPES\MULTIAMENAZA\MULTIAMENAZAS_EC.shp</onlink></citeinfo></citation><timeperd><current>REQUIRED: The basis on which the time period of content information is determined.</current><timeinfo><sngdate><caldate>REQUIRED: The year (and optionally month, or month and day) for which the data set corresponds to the ground.</caldate></sngdate></timeinfo></timeperd><status><progress>REQUIRED: The state of the data set.</progress><update>REQUIRED: The frequency with which changes and additions are made to the data set after the initial data set is completed.</update></status><spdom><bounding><westbc Sync="TRUE">-81.011381</westbc><eastbc Sync="TRUE">-75.165912</eastbc><northbc Sync="TRUE">1.479548</northbc><southbc Sync="TRUE">-5.019173</southbc></bounding><lboundng><leftbc Sync="TRUE">498738.433200</leftbc><rightbc Sync="TRUE">1147851.640800</rightbc><bottombc Sync="TRUE">9445216.350050</bottombc><topbc Sync="TRUE">10163534.866316</topbc></lboundng><minalti Sync="TRUE">0.000000</minalti><maxalti Sync="TRUE">0.000000</maxalti></spdom><keywords><theme><themekt>REQUIRED: Reference to a formally registered thesaurus or a similar authoritative source of theme keywords.</themekt><themekey>Multiamenazas: Suceptibilidad a movimientos en masa e inundaciones</themekey></theme></keywords><accconst>REQUIRED: Restrictions and legal prerequisites for accessing the data set.</accconst><useconst>REQUIRED: Restrictions and legal prerequisites for using the data set after access is granted.</useconst><natvform Sync="TRUE">Shapefile</natvform><ptcontac><cntinfo><cntorgp><cntorg>INSTITUTO ESPACIAL ECUATORIANO (IEE)</cntorg></cntorgp></cntinfo></ptcontac></idinfo><dataIdInfo><envirDesc Sync="TRUE"> Version 6.2 (Build 9200) ; Esri ArcGIS 10.1.1.3143</envirDesc><dataLang><languageCode Sync="TRUE" value="eng"></languageCode><countryCode value="USA" Sync="TRUE"></countryCode></dataLang><idCitation><resTitle Sync="TRUE">MM_INUNDACIONES</resTitle><presForm><PresFormCd Sync="TRUE" value="005"></PresFormCd></presForm></idCitation><spatRpType><SpatRepTypCd Sync="TRUE" value="001"></SpatRepTypCd></spatRpType><dataExt><geoEle><GeoBndBox esriExtentType="native"><westBL Sync="TRUE">498738.4332</westBL><eastBL Sync="TRUE">1147851.6408</eastBL><northBL Sync="TRUE">10163534.866316</northBL><southBL Sync="TRUE">9445216.35005</southBL><exTypeCode Sync="TRUE">1</exTypeCode></GeoBndBox></geoEle></dataExt><geoBox esriExtentType="decdegrees"><westBL Sync="TRUE">-81.011381</westBL><eastBL Sync="TRUE">-75.165912</eastBL><northBL Sync="TRUE">1.479548</northBL><southBL Sync="TRUE">-5.019173</southBL><exTypeCode Sync="TRUE">1</exTypeCode></geoBox></dataIdInfo><metainfo><langmeta Sync="TRUE">es</langmeta><metstdn Sync="TRUE">FGDC Content Standards for Digital Geospatial Metadata</metstdn><metstdv Sync="TRUE">FGDC-STD-001-1998</metstdv><mettc Sync="TRUE">local time</mettc><metc><cntinfo><cntorgp><cntper>REQUIRED: The person responsible for the metadata information.</cntper><cntorg>REQUIRED: The organization responsible for the metadata information.</cntorg></cntorgp><cntaddr><addrtype>REQUIRED: The mailing and/or physical address for the organization or individual.</addrtype><city>REQUIRED: The city of the address.</city><state>REQUIRED: The state or province of the address.</state><postal>REQUIRED: The ZIP or other postal code of the address.</postal></cntaddr><cntvoice>REQUIRED: The telephone number by which individuals can speak to the organization or individual.</cntvoice></cntinfo></metc><metd Sync="TRUE">20151218</metd></metainfo><mdLang><languageCode Sync="TRUE" value="eng"></languageCode><countryCode value="USA" Sync="TRUE"></countryCode></mdLang><mdStanName Sync="TRUE">ISO 19115 Geographic Information - Metadata</mdStanName><mdStanVer Sync="TRUE">DIS_ESRI1.0</mdStanVer><mdChar><CharSetCd Sync="TRUE" value="004"></CharSetCd></mdChar><mdHrLv><ScopeCd Sync="TRUE" value="005"></ScopeCd></mdHrLv><mdHrLvName Sync="TRUE">dataset</mdHrLvName><distinfo><resdesc Sync="TRUE">Downloadable Data</resdesc><stdorder><digform><digtinfo><transize Sync="TRUE">805,372</transize><dssize Sync="TRUE">805,372</dssize></digtinfo></digform></stdorder></distinfo><distInfo><distributor><distorTran><onLineSrc><orDesc Sync="TRUE">002</orDesc><linkage Sync="TRUE">file://\\JBENITEZ\D$\ENTREGA_MULTIAMENAZAS\MULTIAMENAZAS_SUSCEPTIBILIDAD\MULTIAMENAZAS_ECUADOR\SHAPES\MULTIAMENAZA\MULTIAMENAZAS_EC.shp</linkage><protocol Sync="TRUE">Local Area Network</protocol></onLineSrc><transSize Sync="TRUE">805,372</transSize></distorTran><distorFormat><formatName Sync="TRUE">Shapefile</formatName></distorFormat></distributor><distFormat><formatName Sync="TRUE">Shapefile</formatName></distFormat><distTranOps><transSize Sync="TRUE">0.000</transSize></distTranOps></distInfo><spdoinfo><direct Sync="TRUE">Vector</direct><ptvctinf><esriterm Name="MM_INUNDACIONES"><efeatyp Sync="TRUE">Simple</efeatyp><efeageom code="4" Sync="TRUE"></efeageom><esritopo Sync="TRUE">FALSE</esritopo><efeacnt Sync="TRUE">0</efeacnt><spindex Sync="TRUE">FALSE</spindex><linrefer Sync="TRUE">TRUE</linrefer></esriterm></ptvctinf></spdoinfo><spref><horizsys><cordsysn><geogcsn Sync="TRUE">GCS_WGS_1984</geogcsn><projcsn Sync="TRUE">WGS_1984_UTM_Zone_17S</projcsn></cordsysn><planar><planci><plance Sync="TRUE">coordinate pair</plance><plandu Sync="TRUE">meters</plandu><coordrep><absres Sync="TRUE">0.000000</absres><ordres Sync="TRUE">0.000000</ordres></coordrep></planci></planar><geodetic><horizdn Sync="TRUE">D_WGS_1984</horizdn><ellips Sync="TRUE">WGS_1984</ellips><semiaxis Sync="TRUE">6378137.000000</semiaxis><denflat Sync="TRUE">298.257224</denflat></geodetic></horizsys><vertdef><altsys><altenc Sync="TRUE">Explicit elevation coordinate included with horizontal coordinates</altenc><altres Sync="TRUE">0.000100</altres></altsys></vertdef></spref><refSysInfo><RefSystem><refSysID><identCode Sync="TRUE" code="32717" value="32717">WGS_1984_UTM_Zone_17S</identCode><idCodeSpace Sync="TRUE">EPSG</idCodeSpace><idVersion Sync="TRUE">7.11.2</idVersion></refSysID></RefSystem></refSysInfo><spatRepInfo><VectSpatRep><geometObjs Name="MM_INUNDACIONES"><geoObjTyp><GeoObjTypCd value="002" Sync="TRUE"></GeoObjTypCd></geoObjTyp><geoObjCnt Sync="TRUE">0</geoObjCnt></geometObjs><topLvl><TopoLevCd value="001" Sync="TRUE"></TopoLevCd></topLvl></VectSpatRep></spatRepInfo><eainfo><detailed Name="MM_INUNDACIONES"><enttyp><enttypl Sync="TRUE">MM_INUNDACIONES</enttypl><enttypt Sync="TRUE">Feature Class</enttypt><enttypc Sync="TRUE">0</enttypc></enttyp><attr><attrlabl Sync="TRUE">FID</attrlabl><attalias Sync="TRUE">FID</attalias><attrtype Sync="TRUE">OID</attrtype><attwidth Sync="TRUE">4</attwidth><atprecis Sync="TRUE">0</atprecis><attscale Sync="TRUE">0</attscale><attrdef Sync="TRUE">Internal feature number.</attrdef><attrdefs Sync="TRUE">Esri</attrdefs><attrdomv><udom Sync="TRUE">Sequential unique whole numbers that are automatically generated.</udom></attrdomv></attr><attr><attrlabl Sync="TRUE">Shape</attrlabl><attalias Sync="TRUE">Shape</attalias><attrtype Sync="TRUE">Geometry</attrtype><attwidth Sync="TRUE">0</attwidth><atprecis Sync="TRUE">0</atprecis><attscale Sync="TRUE">0</attscale><attrdef Sync="TRUE">Feature geometry.</attrdef><attrdefs Sync="TRUE">ESRI</attrdefs><attrdomv><udom Sync="TRUE">Coordinates defining the features.</udom></attrdomv></attr><attr><attrlabl Sync="TRUE">CATEGORIA</attrlabl><attalias Sync="TRUE">CATEGORIA</attalias><attrtype Sync="TRUE">String</attrtype><attwidth Sync="TRUE">150</attwidth><atprecis Sync="TRUE">0</atprecis><attscale Sync="TRUE">0</attscale></attr></detailed></eainfo><mdDateSt Sync="TRUE">20230919</mdDateSt><dataqual><lineage><procstep><procdesc Sync="TRUE">Dataset copied.</procdesc><procdate Sync="TRUE">20150915</procdate><proctime Sync="TRUE">08525100</proctime></procstep><procstep><procdesc Sync="TRUE">Dataset copied.</procdesc><srcused Sync="TRUE"></srcused><procdate Sync="TRUE">20151118</procdate><proctime Sync="TRUE">11440600</proctime></procstep><procstep><procdesc Sync="TRUE">Dataset copied.</procdesc><srcused Sync="TRUE"></srcused><procdate Sync="TRUE">20151202</procdate><proctime Sync="TRUE">07352600</proctime></procstep><procstep><procdesc Sync="TRUE">Dataset copied.</procdesc><srcused Sync="TRUE"></srcused><procdate Sync="TRUE">20151202</procdate><proctime Sync="TRUE">08163500</proctime></procstep><procstep><procdesc Sync="TRUE">Dataset copied.</procdesc><srcused Sync="TRUE"></srcused><procdate Sync="TRUE">20151202</procdate><proctime Sync="TRUE">09233400</proctime></procstep><procstep><procdesc Sync="TRUE">Metadata imported.</procdesc><srcused Sync="TRUE">D:\SIG\MULTIAMENAZAS_ECUADOR\SHAPES\MULTIAMENAZA\MULTIAMENAZAS_EC.shp.xml</srcused><procdate Sync="TRUE">20151203</procdate><proctime Sync="TRUE">09302400</proctime></procstep><procstep><procdesc Sync="TRUE">Dataset copied.</procdesc><srcused Sync="TRUE"></srcused><procdate Sync="TRUE">20151217</procdate><proctime Sync="TRUE">14224700</proctime></procstep><procstep><procdesc Sync="TRUE">Dataset copied.</procdesc><srcused Sync="TRUE">D:\SIG\SHAPES\respaldos\multiamenazas_resp\2015_12_17_14_22</srcused><procdate Sync="TRUE">20151217</procdate><proctime Sync="TRUE">14523000</proctime></procstep><procstep><procdesc Sync="TRUE">Dataset copied.</procdesc><srcused Sync="TRUE">D:\SIG\MULTIAMENAZAS_ECUADOR\SHAPES\2015_12_17\Paso11_RELLENAR_paso10_con_paso6y7_</srcused><procdate Sync="TRUE">20151218</procdate><proctime Sync="TRUE">14383100</proctime></procstep></lineage></dataqual></metadata>
